[Licensing::Module] Trying to connect to existing licensing client channel...
Built from '6000.0/staging' branch; Version is '6000.0.68f1 (e1e9baaf294b) revision 14805434'; Using compiler version '193933523'; Build Type 'Release'
[Licensing::IpcConnector] Successfully connected to: "LicenseClient-Angelo" at "2026-08-14T02:33:39.3207255Z"
OS: 'Windows 10  (10.0.19045) 64bit Professional' Language: 'en' Physical Memory: 16309 MB
BatchMode: 1, IsHumanControllingUs: 0, StartBugReporterOnCrash: 0, Is64bit: 1
System  architecture: x64
Process architecture: x64
Date: 2026-08-14T02:33:39Z

COMMAND LINE ARGUMENTS:
F:\Unity\6000.0.68f1\Editor\Unity.exe
-adb2
-batchMode
-noUpm
-name
AssetImportWorker0
-projectPath
F:/Rmancy/Rythmancy
-logFile
Logs/AssetImportWorker0.log
-srvPort
55514
-licensingIpc
LicenseClient-Angelo
-job-worker-count
7
-background-job-worker-count
8
-gc-helper-count
1
-name
AssetImport
Successfully changed project path to: F:/Rmancy/Rythmancy
F:/Rmancy/Rythmancy
[UnityMemory] Configuration Parameters - Can be set up in boot.config
    "memorysetup-bucket-allocator-granularity=16"
    "memorysetup-bucket-allocator-bucket-count=8"
    "memorysetup-bucket-allocator-block-size=33554432"
    "memorysetup-bucket-allocator-block-count=8"
    "memorysetup-main-allocator-block-size=16777216"
    "memorysetup-thread-allocator-block-size=16777216"
    "memorysetup-gfx-main-allocator-block-size=16777216"
    "memorysetup-gfx-thread-allocator-block-size=16777216"
    "memorysetup-cache-allocator-block-size=4194304"
    "memorysetup-typetree-allocator-block-size=2097152"
    "memorysetup-profiler-bucket-allocator-granularity=16"
    "memorysetup-profiler-bucket-allocator-bucket-count=8"
    "memorysetup-profiler-bucket-allocator-block-size=33554432"
    "memorysetup-profiler-bucket-allocator-block-count=8"
    "memorysetup-profiler-allocator-block-size=16777216"
    "memorysetup-profiler-editor-allocator-block-size=1048576"
    "memorysetup-temp-allocator-size-main=16777216"
    "memorysetup-job-temp-allocator-block-size=2097152"
    "memorysetup-job-temp-allocator-block-size-background=1048576"
    "memorysetup-job-temp-allocator-reduction-small-platforms=262144"
    "memorysetup-allocator-temp-initial-block-size-main=262144"
    "memorysetup-allocator-temp-initial-block-size-worker=262144"
    "memorysetup-temp-allocator-size-background-worker=32768"
    "memorysetup-temp-allocator-size-job-worker=262144"
    "memorysetup-temp-allocator-size-preload-manager=33554432"
    "memorysetup-temp-allocator-size-nav-mesh-worker=65536"
    "memorysetup-temp-allocator-size-audio-worker=65536"
    "memorysetup-temp-allocator-size-cloud-worker=32768"
    "memorysetup-temp-allocator-size-gi-baking-worker=262144"
    "memorysetup-temp-allocator-size-gi-baking-worker=262144"
    "memorysetup-temp-allocator-size-gi-baking-worker=262144"
    "memorysetup-temp-allocator-size-gi-baking-worker=262144"
    "memorysetup-temp-allocator-size-gi-baking-worker=262144"
    "memorysetup-temp-allocator-size-gfx=262144"
Player connection [12124]  Target information:

Player connection [12124]  * "[IP] 192.168.0.52 [Port] 0 [Flags] 2 [Guid] 3311904436 [EditorId] 3311904436 [Version] 1048832 [Id] WindowsEditor(7,DESKTOP-3VMPJ44) [Debug] 1 [PackageName] WindowsEditor [ProjectName] Editor" 

Player connection [12124]  * "[IP] 172.17.112.1 [Port] 0 [Flags] 2 [Guid] 3311904436 [EditorId] 3311904436 [Version] 1048832 [Id] WindowsEditor(7,DESKTOP-3VMPJ44) [Debug] 1 [PackageName] WindowsEditor [ProjectName] Editor" 

Player connection [12124]  * "[IP] 192.168.56.1 [Port] 0 [Flags] 2 [Guid] 3311904436 [EditorId] 3311904436 [Version] 1048832 [Id] WindowsEditor(7,DESKTOP-3VMPJ44) [Debug] 1 [PackageName] WindowsEditor [ProjectName] Editor" 

Player connection [12124] Host joined multi-casting on [225.0.0.222:54997]...
Player connection [12124] Host joined alternative multi-casting on [225.0.0.222:34997]...
JobSystem: Creating JobQueue using job-worker-count value 7
Input System module state changed to: Initialized.
[Physics::Module] Initialized fallback backend.
[Physics::Module] Id: 0xdecafbad
[Licensing::Client] Code 10 while verifying Licensing Client signature (process Id: 14008, path: "C:/Program Files/Unity Hub/UnityLicensingClient_V1/Unity.Licensing.Client.exe")
[Licensing::Module] LicensingClient has failed validation; ignoring
[Licensing::Client] Error: HandshakeResponse reported an error:
	ResponseCode: 505
	ResponseStatus: Unsupported protocol version '1.17.4'. Current supported versions are: 1.0,1.1,1.2,1.3,1.4,1.4.1,1.5,1.6,1.7,1.8,1.9,1.10,1.11,1.12
[Licensing::Module] Error: Failed to handshake to channel: "LicenseClient-Angelo"
[Licensing::IpcConnector] LicenseClient-Angelo channel disconnected successfully.
[Licensing::IpcConnector] Successfully connected to: "LicenseClient-Angelo-6000.0.68" at "2026-08-14T02:33:39.4027705Z"
Library Redirect Path: Library/
[Physics::Module] Selected backend.
[Physics::Module] Name: PhysX
[Physics::Module] Id: 0xf2b8ea05
[Physics::Module] SDK Version: 4.1.2
[Physics::Module] Integration Version: 1.0.0
[Physics::Module] Threading Mode: Multi-Threaded
Refreshing native plugins compatible for Editor in 476.02 ms, found 3 plugins.
Preloading 0 native plugins for Editor in 0.00 ms.
Initialize engine version: 6000.0.68f1 (e1e9baaf294b)
[Subsystems] Discovering subsystems at path F:/Unity/6000.0.68f1/Editor/Data/Resources/UnitySubsystems
[Subsystems] Discovering subsystems at path F:/Rmancy/Rythmancy/Assets
GfxDevice: creating device client; kGfxThreadingModeNonThreaded
Direct3D:
    Version:  Direct3D 11.0 [level 11.1]
    Renderer: NVIDIA GeForce GTX 1650 (ID=0x1f0a)
    Vendor:   NVIDIA
    VRAM:     3935 MB
    Driver:   32.0.15.6094
Initialize mono
Mono path[0] = 'F:/Unity/6000.0.68f1/Editor/Data/Managed'
Mono path[1] = 'F:/Unity/6000.0.68f1/Editor/Data/MonoBleedingEdge/lib/mono/unityjit-win32'
Mono config path = 'F:/Unity/6000.0.68f1/Editor/Data/MonoBleedingEdge/etc'
Using monoOptions --debugger-agent=transport=dt_socket,embedding=1,server=y,suspend=n,address=127.0.0.1:56724
Begin MonoManager ReloadAssembly
Registering precompiled unity dll's ...
Register platform support module: F:/Unity/6000.0.68f1/Editor/Data/PlaybackEngines/WindowsStandaloneSupport/UnityEditor.WindowsStandalone.Extensions.dll
Registered in 0.001794 seconds.
- Loaded All Assemblies, in  1.125 seconds
Native extension for WindowsStandalone target not found
Mono: successfully reloaded assembly
- Finished resetting the current domain, in  0.443 seconds
Domain Reload Profiling: 1568ms
	BeginReloadAssembly (758ms)
		ExecutionOrderSort (0ms)
		DisableScriptedObjects (0ms)
		BackupInstance (0ms)
		ReleaseScriptingObjects (0ms)
		CreateAndSetChildDomain (1ms)
	RebuildCommonClasses (39ms)
	RebuildNativeTypeToScriptingClass (14ms)
	initialDomainReloadingComplete (47ms)
	LoadAllAssembliesAndSetupDomain (266ms)
		LoadAssemblies (784ms)
		RebuildTransferFunctionScriptingTraits (0ms)
		AnalyzeDomain (219ms)
			TypeCache.Refresh (218ms)
				TypeCache.ScanAssembly (187ms)
			BuildScriptInfoCaches (0ms)
			ResolveRequiredComponents (0ms)
	FinalizeReload (444ms)
		ReleaseScriptCaches (0ms)
		RebuildScriptCaches (0ms)
		SetupLoadedEditorAssemblies (399ms)
			LogAssemblyErrors (0ms)
			InitializePlatformSupportModulesInManaged (24ms)
			SetLoadedEditorAssemblies (6ms)
			BeforeProcessingInitializeOnLoad (66ms)
			ProcessInitializeOnLoadAttributes (210ms)
			ProcessInitializeOnLoadMethodAttributes (92ms)
			AfterProcessingInitializeOnLoad (0ms)
			EditorAssembliesLoaded (0ms)
		ExecutionOrderSort2 (0ms)
		AwakeInstancesAfterBackupRestoration (0ms)
========================================================================
Worker process is ready to serve import requests
Import Worker Mode flag is 0x00
Begin MonoManager ReloadAssembly
[Licensing::Module] Licensing is not yet initialized.
[Licensing::Client] Handshaking with LicensingClient:
  Version:                 1.17.4+4293ba1
  Session Id:              e33c1b8b5840425987436897610570f8
  Correlation Id:          b6edd256b8ee45ff34d78610c72f2021
  External correlation Id: 9016286628734162545
  Machine Id:              hXBXvv1BkU7yBr7O0YcOBW1q7Uc=
[Licensing::Module] Successfully connected to LicensingClient on channel: "LicenseClient-Angelo-6000.0.68" (connect: 0.00s, validation: 0.00s, handshake: 7.93s)
[Licensing::IpcConnector] Successfully connected to: "LicenseClient-Angelo-6000.0.68-notifications" at "2026-08-14T02:33:47.3333654Z"
[Licensing::Module] Licensing Background thread has ended after 8.01s
[Licensing::Module] Licensing is initialized (took 0.06s).
[Licensing::Client] Successfully resolved entitlement details
[Licensing::Module] License group:
  Id: F4-YEK2-NSSF-8QV8-D8PA-XXXX
  Product: Unity Personal
  Type: ULF
  Expiration: Unlimited
- Loaded All Assemblies, in  2.847 seconds
Refreshing native plugins compatible for Editor in 0.57 ms, found 3 plugins.
Native extension for WindowsStandalone target not found
Package Manager log level set to [2]
[Package Manager] Failed to launch server process. Reason: Unity was launched with the -noUpm command-line argument
[Package Manager] Unable to send message (not connected to server process).
[Package Manager] Cannot connect to Unity Package Manager local server
Mono: successfully reloaded assembly
- Finished resetting the current domain, in  1.724 seconds
Domain Reload Profiling: 4571ms
	BeginReloadAssembly (243ms)
		ExecutionOrderSort (0ms)
		DisableScriptedObjects (7ms)
		BackupInstance (0ms)
		ReleaseScriptingObjects (0ms)
		CreateAndSetChildDomain (30ms)
	RebuildCommonClasses (44ms)
	RebuildNativeTypeToScriptingClass (13ms)
	initialDomainReloadingComplete (36ms)
	LoadAllAssembliesAndSetupDomain (2510ms)
		LoadAssemblies (2344ms)
		RebuildTransferFunctionScriptingTraits (0ms)
		AnalyzeDomain (264ms)
			TypeCache.Refresh (188ms)
				TypeCache.ScanAssembly (175ms)
			BuildScriptInfoCaches (61ms)
			ResolveRequiredComponents (11ms)
	FinalizeReload (1724ms)
		ReleaseScriptCaches (0ms)
		RebuildScriptCaches (0ms)
		SetupLoadedEditorAssemblies (786ms)
			LogAssemblyErrors (0ms)
			InitializePlatformSupportModulesInManaged (2ms)
			SetLoadedEditorAssemblies (6ms)
			BeforeProcessingInitializeOnLoad (227ms)
			ProcessInitializeOnLoadAttributes (498ms)
			ProcessInitializeOnLoadMethodAttributes (50ms)
			AfterProcessingInitializeOnLoad (2ms)
			EditorAssembliesLoaded (0ms)
		ExecutionOrderSort2 (0ms)
		AwakeInstancesAfterBackupRestoration (7ms)
Launched and connected shader compiler UnityShaderCompiler.exe after 0.08 seconds
Refreshing native plugins compatible for Editor in 0.70 ms, found 3 plugins.
Preloading 0 native plugins for Editor in 0.00 ms.
Unloading 13 Unused Serialized files (Serialized files now loaded: 0)
Unloading 6114 unused Assets / (4.5 MB). Loaded Objects now: 6819.
Memory consumption went from 134.6 MB to 130.1 MB.
Total: 8.355700 ms (FindLiveObjects: 0.837700 ms CreateObjectMapping: 0.342500 ms MarkObjects: 4.786200 ms  DeleteObjects: 2.388000 ms)

========================================================================
Received Import Request.
  Time since last request: 1442066.478984 seconds.
  path: Assets/InputSystem_Actions.inputactions
  artifactKey: Guid(052faaac586de48259a63d0c4782560b) Importer(815301076,1909f56bfc062723c751e8b465ee728b)
Start importing Assets/InputSystem_Actions.inputactions using Guid(052faaac586de48259a63d0c4782560b) Importer(815301076,1909f56bfc062723c751e8b465ee728b) (PreviewImporter) -> (artifact id: 'd58c1d50d0f6b4a4d958c92247c46599') in 0.0711031 seconds
Number of updated asset objects reloaded before import = 0Number of asset objects unloaded after import = 20

========================================================================
Received Import Request.
  Time since last request: 79.398837 seconds.
  path: Assets/Scenes
  artifactKey: Guid(805e99fe809a8a2488ab6eee500b2a5b) Importer(815301076,1909f56bfc062723c751e8b465ee728b)
Start importing Assets/Scenes using Guid(805e99fe809a8a2488ab6eee500b2a5b) Importer(815301076,1909f56bfc062723c751e8b465ee728b) (PreviewImporter) -> (artifact id: '458e6e94ef2058146f0121fc8dc1d3ad') in 0.0005281 seconds
Number of updated asset objects reloaded before import = 0Number of asset objects unloaded after import = 0

========================================================================
Received Import Request.
  Time since last request: 3.651641 seconds.
  path: Assets/Scenes/Tutorial Level 1.unity
  artifactKey: Guid(d14dff077bc569947b7ff348d90788af) Importer(815301076,1909f56bfc062723c751e8b465ee728b)
Start importing Assets/Scenes/Tutorial Level 1.unity using Guid(d14dff077bc569947b7ff348d90788af) Importer(815301076,1909f56bfc062723c751e8b465ee728b) (PreviewImporter) -> (artifact id: 'df0347b6998942d15e910076cf6d163c') in 0.0005634 seconds
Number of updated asset objects reloaded before import = 0Number of asset objects unloaded after import = 0

========================================================================
Received Import Request.
  Time since last request: 1.799153 seconds.
  path: Assets/Scenes/Tutorial Level 2.unity
  artifactKey: Guid(265aab8e9bce7c9469f01946c778002c) Importer(815301076,1909f56bfc062723c751e8b465ee728b)
Start importing Assets/Scenes/Tutorial Level 2.unity using Guid(265aab8e9bce7c9469f01946c778002c) Importer(815301076,1909f56bfc062723c751e8b465ee728b) (PreviewImporter) -> (artifact id: '00eb2da8424468e3604de8b11b85f1e7') in 0.000541 seconds
Number of updated asset objects reloaded before import = 0Number of asset objects unloaded after import = 0

========================================================================
Received Import Request.
  Time since last request: 0.891882 seconds.
  path: Assets/Scenes/Tutorial Level 3.unity
  artifactKey: Guid(674bd64856aa4d14e950cbef0e5fbf5e) Importer(815301076,1909f56bfc062723c751e8b465ee728b)
Start importing Assets/Scenes/Tutorial Level 3.unity using Guid(674bd64856aa4d14e950cbef0e5fbf5e) Importer(815301076,1909f56bfc062723c751e8b465ee728b) (PreviewImporter) -> (artifact id: '2c7262f92e23699fa0767f3eaa9457ff') in 0.0006598 seconds
Number of updated asset objects reloaded before import = 0Number of asset objects unloaded after import = 0

========================================================================
Received Import Request.
  Time since last request: 29.929660 seconds.
  path: Assets/Scenes/MainMenu.unity
  artifactKey: Guid(99c9720ab356a0642a771bea13969a05) Importer(815301076,1909f56bfc062723c751e8b465ee728b)
Start importing Assets/Scenes/MainMenu.unity using Guid(99c9720ab356a0642a771bea13969a05) Importer(815301076,1909f56bfc062723c751e8b465ee728b) (PreviewImporter) -> (artifact id: '8a53e7b42a2777add597479e675eb6df') in 0.0006276 seconds
Number of updated asset objects reloaded before import = 0Number of asset objects unloaded after import = 0

========================================================================
Received Import Request.
  Time since last request: 8.504005 seconds.
  path: Assets/Prefabs
  artifactKey: Guid(c919ebbce8617ca4da56ab36989444a0) Importer(815301076,1909f56bfc062723c751e8b465ee728b)
Start importing Assets/Prefabs using Guid(c919ebbce8617ca4da56ab36989444a0) Importer(815301076,1909f56bfc062723c751e8b465ee728b) (PreviewImporter) -> (artifact id: '69810bdde7e6ed2fca888847825f7fc6') in 0.0004933 seconds
Number of updated asset objects reloaded before import = 0Number of asset objects unloaded after import = 0

========================================================================
Received Import Request.
  Time since last request: 0.029377 seconds.
  path: Assets/Prefabs/ChapterButtonParent.prefab
  artifactKey: Guid(8ed85dac64692ae48835faa1524f11e9) Importer(815301076,1909f56bfc062723c751e8b465ee728b)
Start importing Assets/Prefabs/ChapterButtonParent.prefab using Guid(8ed85dac64692ae48835faa1524f11e9) Importer(815301076,1909f56bfc062723c751e8b465ee728b) (PreviewImporter) -> (artifact id: 'e4774d2b9922870bc56c58bb12bd0f13') in 0.0533968 seconds
Number of updated asset objects reloaded before import = 0Number of asset objects unloaded after import = 21

========================================================================
Received Import Request.
  Time since last request: 0.000020 seconds.
  path: Assets/Prefabs/LightEnemy.prefab
  artifactKey: Guid(f81c5e4818bab8a49a2d8203b390b60b) Importer(815301076,1909f56bfc062723c751e8b465ee728b)
Start importing Assets/Prefabs/LightEnemy.prefab using Guid(f81c5e4818bab8a49a2d8203b390b60b) Importer(815301076,1909f56bfc062723c751e8b465ee728b) (PreviewImporter) -> (artifact id: '8a54785f0bb786516f35638eecd33a4b') in 0.4883381 seconds
Number of updated asset objects reloaded before import = 0Number of asset objects unloaded after import = 13

========================================================================
Received Import Request.
  Time since last request: 12.204793 seconds.
  path: Assets/Scripts
  artifactKey: Guid(f912a91b564ccca4fb77411a1c34317b) Importer(815301076,1909f56bfc062723c751e8b465ee728b)
Start importing Assets/Scripts using Guid(f912a91b564ccca4fb77411a1c34317b) Importer(815301076,1909f56bfc062723c751e8b465ee728b) (PreviewImporter) -> (artifact id: '092236958461ba8989ea38651c080e30') in 0.0005957 seconds
Number of updated asset objects reloaded before import = 0Number of asset objects unloaded after import = 0

========================================================================
Received Import Request.
  Time since last request: 64.441145 seconds.
  path: Assets/Scenes/SafeZone.unity
  artifactKey: Guid(ec7b0d6384bbf6342bb0600918a5f71e) Importer(815301076,1909f56bfc062723c751e8b465ee728b)
Start importing Assets/Scenes/SafeZone.unity using Guid(ec7b0d6384bbf6342bb0600918a5f71e) Importer(815301076,1909f56bfc062723c751e8b465ee728b) (PreviewImporter) -> (artifact id: 'c09e466c2fafdf6890941d8d0b717857') in 0.0009193 seconds
Number of updated asset objects reloaded before import = 0Number of asset objects unloaded after import = 0

========================================================================
Received Import Request.
  Time since last request: 34264.291504 seconds.
  path: Assets/Scripts/Level
  artifactKey: Guid(cfbb251a2242c014989ad0b5442bf4db) Importer(815301076,1909f56bfc062723c751e8b465ee728b)
Start importing Assets/Scripts/Level using Guid(cfbb251a2242c014989ad0b5442bf4db) Importer(815301076,1909f56bfc062723c751e8b465ee728b) (PreviewImporter) -> (artifact id: '0e535770ffc1d5941e2ecaf36d81a31a') in 0.2405048 seconds
Number of updated asset objects reloaded before import = 0Number of asset objects unloaded after import = 0

========================================================================
Received Import Request.
  Time since last request: 0.014018 seconds.
  path: Assets/Scripts/Level/LevelManager.cs
  artifactKey: Guid(430c7cc1721cf314699c11b240e3f876) Importer(815301076,1909f56bfc062723c751e8b465ee728b)
Start importing Assets/Scripts/Level/LevelManager.cs using Guid(430c7cc1721cf314699c11b240e3f876) Importer(815301076,1909f56bfc062723c751e8b465ee728b) (PreviewImporter) -> (artifact id: '647cdec41ccde5a1f592ca1119d1e99f') in 0.0089451 seconds
Number of updated asset objects reloaded before import = 0Number of asset objects unloaded after import = 0

========================================================================
Received Import Request.
  Time since last request: 1.378922 seconds.
  path: Assets/Scripts/Level/LevelSelectController.cs
  artifactKey: Guid(9b2b8721a4dbbf14e8bde478a569612b) Importer(815301076,1909f56bfc062723c751e8b465ee728b)
Start importing Assets/Scripts/Level/LevelSelectController.cs using Guid(9b2b8721a4dbbf14e8bde478a569612b) Importer(815301076,1909f56bfc062723c751e8b465ee728b) (PreviewImporter) -> (artifact id: '7cb7ada5a74bf9cc2665d69f13508b32') in 0.005444 seconds
Number of updated asset objects reloaded before import = 0Number of asset objects unloaded after import = 0

========================================================================
Received Import Request.
  Time since last request: 2.881490 seconds.
  path: Assets/Scripts/UpgradeController.cs
  artifactKey: Guid(cc300457ee287c24d95848883573a4eb) Importer(815301076,1909f56bfc062723c751e8b465ee728b)
Start importing Assets/Scripts/UpgradeController.cs using Guid(cc300457ee287c24d95848883573a4eb) Importer(815301076,1909f56bfc062723c751e8b465ee728b) (PreviewImporter) -> (artifact id: 'b8243242959e9814a612512e2f115930') in 0.0070212 seconds
Number of updated asset objects reloaded before import = 0Number of asset objects unloaded after import = 0

========================================================================
Received Import Request.
  Time since last request: 0.741912 seconds.
  path: Assets/Scripts/EnemyController.cs
  artifactKey: Guid(cf8831557753f824fb053ca0b2e71ae5) Importer(815301076,1909f56bfc062723c751e8b465ee728b)
Start importing Assets/Scripts/EnemyController.cs using Guid(cf8831557753f824fb053ca0b2e71ae5) Importer(815301076,1909f56bfc062723c751e8b465ee728b) (PreviewImporter) -> (artifact id: '86940e475fe4242d37a49345696940ef') in 0.0055775 seconds
Number of updated asset objects reloaded before import = 0Number of asset objects unloaded after import = 0

========================================================================
Received Import Request.
  Time since last request: 4584.674921 seconds.
  path: Assets/Scripts/Core
  artifactKey: Guid(e8bc36f16142ff54eb2ed96f2d81e280) Importer(815301076,1909f56bfc062723c751e8b465ee728b)
Start importing Assets/Scripts/Core using Guid(e8bc36f16142ff54eb2ed96f2d81e280) Importer(815301076,1909f56bfc062723c751e8b465ee728b) (PreviewImporter) -> (artifact id: '1936f74e3a2af594e8edfb47505d4c73') in 0.010956 seconds
Number of updated asset objects reloaded before import = 0Number of asset objects unloaded after import = 0

========================================================================
Received Import Request.
  Time since last request: 1.144934 seconds.
  path: Assets/Scripts/Core/GameSession.cs
  artifactKey: Guid(0a8624d3ae7807c4ca424f4e9721465c) Importer(815301076,1909f56bfc062723c751e8b465ee728b)
Start importing Assets/Scripts/Core/GameSession.cs using Guid(0a8624d3ae7807c4ca424f4e9721465c) Importer(815301076,1909f56bfc062723c751e8b465ee728b) (PreviewImporter) -> (artifact id: '8db96b5d0cd89ce15a999358246923ff') in 0.0099017 seconds
Number of updated asset objects reloaded before import = 0Number of asset objects unloaded after import = 0

========================================================================
Received Import Request.
  Time since last request: 313.481262 seconds.
  path: Assets/BackgroundVideoRT.renderTexture
  artifactKey: Guid(a6051441e758fd24d8b56e8f9b662093) Importer(2089858483,192608db42251d675da83286b1cce702)
Start importing Assets/BackgroundVideoRT.renderTexture using Guid(a6051441e758fd24d8b56e8f9b662093) Importer(2089858483,192608db42251d675da83286b1cce702) (ScriptedImporter) -> (artifact id: '786c7ce37372831ab25be8620c961980') in 3.811545 seconds
Number of updated asset objects reloaded before import = 0Number of asset objects unloaded after import = 1

========================================================================
Received Import Request.
  Time since last request: 0.000028 seconds.
  path: Assets/Scripts/Save
  artifactKey: Guid(a66305f4f5ce44c41a4700d4403f448b) Importer(2089858483,192608db42251d675da83286b1cce702)
Start importing Assets/Scripts/Save using Guid(a66305f4f5ce44c41a4700d4403f448b) Importer(2089858483,192608db42251d675da83286b1cce702) (ScriptedImporter) -> (artifact id: 'eca2d5a1a03fefa2d8834b1fcdcae0d5') in 0.0704393 seconds
Number of updated asset objects reloaded before import = 0Number of asset objects unloaded after import = 1

========================================================================
Received Import Request.
  Time since last request: 0.000029 seconds.
  path: Assets/TextMesh Pro/Shaders/TMP_Bitmap.shader
  artifactKey: Guid(128e987d567d4e2c824d754223b3f3b0) Importer(2089858483,192608db42251d675da83286b1cce702)
Start importing Assets/TextMesh Pro/Shaders/TMP_Bitmap.shader using Guid(128e987d567d4e2c824d754223b3f3b0) Importer(2089858483,192608db42251d675da83286b1cce702) (ScriptedImporter) -> (artifact id: 'a12ca41dffedf66af880adc261fe6e79') in 0.0713658 seconds
Number of updated asset objects reloaded before import = 0Number of asset objects unloaded after import = 1

========================================================================
Received Import Request.
  Time since last request: 0.000020 seconds.
  path: Assets/Scripts/Gameplay/PlayerController.cs
  artifactKey: Guid(69bf141a8b74fe04b83b05e0522a0576) Importer(2089858483,192608db42251d675da83286b1cce702)
Start importing Assets/Scripts/Gameplay/PlayerController.cs using Guid(69bf141a8b74fe04b83b05e0522a0576) Importer(2089858483,192608db42251d675da83286b1cce702) (ScriptedImporter) -> (artifact id: '90062b062e4a5f72f9eba41d7d5081a4') in 0.0714294 seconds
Number of updated asset objects reloaded before import = 0Number of asset objects unloaded after import = 0

========================================================================
Received Import Request.
  Time since last request: 0.000023 seconds.
  path: Assets/Scripts/Gameplay/OrbitingBallsController.cs
  artifactKey: Guid(6395b02d4b98f954aa0014a78745f6c5) Importer(2089858483,192608db42251d675da83286b1cce702)
Start importing Assets/Scripts/Gameplay/OrbitingBallsController.cs using Guid(6395b02d4b98f954aa0014a78745f6c5) Importer(2089858483,192608db42251d675da83286b1cce702) (ScriptedImporter) -> (artifact id: '2ccb94a4d3e14e3dce7375b536114ec8') in 0.0268736 seconds
Number of updated asset objects reloaded before import = 0Number of asset objects unloaded after import = 0

========================================================================
Received Prepare
Refreshing native plugins compatible for Editor in 1.07 ms, found 3 plugins.
Preloading 0 native plugins for Editor in 0.00 ms.
Unloading 13 Unused Serialized files (Serialized files now loaded: 0)
Unloading 6107 unused Assets / (3.7 MB). Loaded Objects now: 6974.
Memory consumption went from 144.3 MB to 140.5 MB.
Total: 975.455200 ms (FindLiveObjects: 7.710800 ms CreateObjectMapping: 0.733500 ms MarkObjects: 962.043600 ms  DeleteObjects: 4.965500 ms)

Prepare: number of updated asset objects reloaded= 0
========================================================================
Received Import Request.
  Time since last request: 19.827475 seconds.
  path: Assets/TextMesh Pro/Resources/TMP Settings.asset
  artifactKey: Guid(3f5b5dff67a942289a9defa416b206f3) Importer(2089858483,192608db42251d675da83286b1cce702)
Start importing Assets/TextMesh Pro/Resources/TMP Settings.asset using Guid(3f5b5dff67a942289a9defa416b206f3) Importer(2089858483,192608db42251d675da83286b1cce702) (ScriptedImporter) -> (artifact id: '29980bfba78c6a60a4a2197e412a4611') in 1.0150718 seconds
Number of updated asset objects reloaded before import = 0Number of asset objects unloaded after import = 15

========================================================================
Received Import Request.
  Time since last request: 0.000029 seconds.
  path: Assets/TextMesh Pro/Resources/Style Sheets/Default Style Sheet.asset
  artifactKey: Guid(f952c082cb03451daed3ee968ac6c63e) Importer(2089858483,192608db42251d675da83286b1cce702)
Start importing Assets/TextMesh Pro/Resources/Style Sheets/Default Style Sheet.asset using Guid(f952c082cb03451daed3ee968ac6c63e) Importer(2089858483,192608db42251d675da83286b1cce702) (ScriptedImporter) -> (artifact id: '4ccb7ae9d5c70eb0cc58a596555342ab') in 0.0149374 seconds
Number of updated asset objects reloaded before import = 0Number of asset objects unloaded after import = 1

========================================================================
Received Import Request.
  Time since last request: 0.000036 seconds.
  path: Assets/TextMesh Pro/Resources/Fonts & Materials/LiberationSans SDF.asset
  artifactKey: Guid(8f586378b4e144a9851e7b34d9b748ee) Importer(2089858483,192608db42251d675da83286b1cce702)
Start importing Assets/TextMesh Pro/Resources/Fonts & Materials/LiberationSans SDF.asset using Guid(8f586378b4e144a9851e7b34d9b748ee) Importer(2089858483,192608db42251d675da83286b1cce702) (ScriptedImporter) -> (artifact id: 'cbf6d60fa938847d460634f5d1432bb7') in 0.1769913 seconds
Number of updated asset objects reloaded before import = 0Number of asset objects unloaded after import = 8

========================================================================
Received Import Request.
  Time since last request: 0.000022 seconds.
  path: Assets/TextMesh Pro/Sprites
  artifactKey: Guid(d0603b6d5186471b96c778c3949c7ce2) Importer(2089858483,192608db42251d675da83286b1cce702)
Start importing Assets/TextMesh Pro/Sprites using Guid(d0603b6d5186471b96c778c3949c7ce2) Importer(2089858483,192608db42251d675da83286b1cce702) (ScriptedImporter) -> (artifact id: '2c8fc9a796021a5fddb668ab5214f11b') in 0.0136522 seconds
Number of updated asset objects reloaded before import = 0Number of asset objects unloaded after import = 1

========================================================================
Received Import Request.
  Time since last request: 0.000032 seconds.
  path: Assets/Visuals/Materials/Portal.mat
  artifactKey: Guid(1949e0bb03425544f8be904dd122f23e) Importer(2089858483,192608db42251d675da83286b1cce702)
Start importing Assets/Visuals/Materials/Portal.mat using Guid(1949e0bb03425544f8be904dd122f23e) Importer(2089858483,192608db42251d675da83286b1cce702) (ScriptedImporter) -> (artifact id: '8fb95099dfcd0b915b5c0906436afcf8') in 0.1428683 seconds
Number of updated asset objects reloaded before import = 0Number of asset objects unloaded after import = 2

========================================================================
Received Import Request.
  Time since last request: 0.000020 seconds.
  path: Assets/Visuals/Materials/KeyIconE.mat
  artifactKey: Guid(e6b529f6d5197b34a8dda76be8181d3b) Importer(2089858483,192608db42251d675da83286b1cce702)
Start importing Assets/Visuals/Materials/KeyIconE.mat using Guid(e6b529f6d5197b34a8dda76be8181d3b) Importer(2089858483,192608db42251d675da83286b1cce702) (ScriptedImporter) -> (artifact id: '8f12c2573a3b82e7b0d82945045cf06e') in 0.0828773 seconds
Number of updated asset objects reloaded before import = 0Number of asset objects unloaded after import = 2

========================================================================
Received Import Request.
  Time since last request: 0.000039 seconds.
  path: Assets/Scripts/Level
  artifactKey: Guid(cfbb251a2242c014989ad0b5442bf4db) Importer(2089858483,192608db42251d675da83286b1cce702)
Start importing Assets/Scripts/Level using Guid(cfbb251a2242c014989ad0b5442bf4db) Importer(2089858483,192608db42251d675da83286b1cce702) (ScriptedImporter) -> (artifact id: 'bc46306ad524f4e3fa184cc453c776f3') in 0.0442273 seconds
Number of updated asset objects reloaded before import = 0Number of asset objects unloaded after import = 1

========================================================================
Received Import Request.
  Time since last request: 0.000031 seconds.
  path: Assets/Audio/SFX/PlayerHit.wav
  artifactKey: Guid(2aab01a24bc719c4ab72c8e79ef9f2e5) Importer(2089858483,192608db42251d675da83286b1cce702)
Start importing Assets/Audio/SFX/PlayerHit.wav using Guid(2aab01a24bc719c4ab72c8e79ef9f2e5) Importer(2089858483,192608db42251d675da83286b1cce702) (ScriptedImporter) -> (artifact id: 'bf656de1ae705ae64afc2e8141a94aa4') in 0.1305362 seconds
Number of updated asset objects reloaded before import = 0Number of asset objects unloaded after import = 1

========================================================================
Received Import Request.
  Time since last request: 0.000020 seconds.
  path: Assets/TextMesh Pro/Shaders/TMP_SDF-URP Lit.shadergraph
  artifactKey: Guid(a3d800b099a06e0478fb790c5e79057a) Importer(2089858483,192608db42251d675da83286b1cce702)
Start importing Assets/TextMesh Pro/Shaders/TMP_SDF-URP Lit.shadergraph using Guid(a3d800b099a06e0478fb790c5e79057a) Importer(2089858483,192608db42251d675da83286b1cce702) (ScriptedImporter) -> (artifact id: '101108005ce5f1b0c4b95c80fb414216') in 0.2248158 seconds
Number of updated asset objects reloaded before import = 0Number of asset objects unloaded after import = 4

========================================================================
Received Import Request.
  Time since last request: 0.000023 seconds.
  path: Assets/Visuals/UI/MusicPlayerPanel
  artifactKey: Guid(b70217c5590e1a4439d27bd6ceefb61b) Importer(2089858483,192608db42251d675da83286b1cce702)
Start importing Assets/Visuals/UI/MusicPlayerPanel using Guid(b70217c5590e1a4439d27bd6ceefb61b) Importer(2089858483,192608db42251d675da83286b1cce702) (ScriptedImporter) -> (artifact id: '7e8f0f0c6facf2c94b4e5f4b72285586') in 0.0266209 seconds
Number of updated asset objects reloaded before import = 0Number of asset objects unloaded after import = 1

========================================================================
Received Import Request.
  Time since last request: 0.000031 seconds.
  path: Assets/Audio/SFX/GameOver.wav
  artifactKey: Guid(b452e9754d9a1914b9dad2c5ef2233ea) Importer(2089858483,192608db42251d675da83286b1cce702)
Start importing Assets/Audio/SFX/GameOver.wav using Guid(b452e9754d9a1914b9dad2c5ef2233ea) Importer(2089858483,192608db42251d675da83286b1cce702) (ScriptedImporter) -> (artifact id: '23050023fc9d77fd90d19456ac74cb89') in 0.0501219 seconds
Number of updated asset objects reloaded before import = 0Number of asset objects unloaded after import = 1

========================================================================
Received Import Request.
  Time since last request: 0.000024 seconds.
  path: Assets/Video/MainMenu
  artifactKey: Guid(ed7b0e1ec2aab46448825f794da48e9d) Importer(2089858483,192608db42251d675da83286b1cce702)
Start importing Assets/Video/MainMenu using Guid(ed7b0e1ec2aab46448825f794da48e9d) Importer(2089858483,192608db42251d675da83286b1cce702) (ScriptedImporter) -> (artifact id: 'beb66f55f24ecfa3c955229ed9575265') in 0.0521714 seconds
Number of updated asset objects reloaded before import = 0Number of asset objects unloaded after import = 1

========================================================================
Received Import Request.
  Time since last request: 0.000025 seconds.
  path: Assets/Scripts/UI/Settings/SettingsController.cs
  artifactKey: Guid(b5486ff485c0cc84c88de51ec1d3f7f5) Importer(2089858483,192608db42251d675da83286b1cce702)
Start importing Assets/Scripts/UI/Settings/SettingsController.cs using Guid(b5486ff485c0cc84c88de51ec1d3f7f5) Importer(2089858483,192608db42251d675da83286b1cce702) (ScriptedImporter) -> (artifact id: 'db2c27cf7a043cd2859fbe2cec94a2e3') in 0.0160115 seconds
Number of updated asset objects reloaded before import = 0Number of asset objects unloaded after import = 0

========================================================================
Received Import Request.
  Time since last request: 0.114190 seconds.
  path: Assets/Scripts/Core/Base
  artifactKey: Guid(5668066c604319f44931cd25fc91fd54) Importer(815301076,1909f56bfc062723c751e8b465ee728b)
Start importing Assets/Scripts/Core/Base using Guid(5668066c604319f44931cd25fc91fd54) Importer(815301076,1909f56bfc062723c751e8b465ee728b) (PreviewImporter) -> (artifact id: 'e80ed579648410f4d873209d817ad46c') in 0.000469 seconds
Number of updated asset objects reloaded before import = 0Number of asset objects unloaded after import = 0

========================================================================
Received Import Request.
  Time since last request: 5.500664 seconds.
  path: Assets/Scenes/SafeZone.unity
  artifactKey: Guid(ec7b0d6384bbf6342bb0600918a5f71e) Importer(2089858483,192608db42251d675da83286b1cce702)
Start importing Assets/Scenes/SafeZone.unity using Guid(ec7b0d6384bbf6342bb0600918a5f71e) Importer(2089858483,192608db42251d675da83286b1cce702) (ScriptedImporter) -> (artifact id: '1bb4e9b66ccbd700278e0d7418eb4994') in 1.2193559 seconds
Number of updated asset objects reloaded before import = 0Number of asset objects unloaded after import = 1

========================================================================
Received Import Request.
  Time since last request: 0.000023 seconds.
  path: Assets/Scenes/Tutorial Level 1.unity
  artifactKey: Guid(d14dff077bc569947b7ff348d90788af) Importer(2089858483,192608db42251d675da83286b1cce702)
Start importing Assets/Scenes/Tutorial Level 1.unity using Guid(d14dff077bc569947b7ff348d90788af) Importer(2089858483,192608db42251d675da83286b1cce702) (ScriptedImporter) -> (artifact id: '312232b0126ea24577a1dc419b4bf889') in 0.0952425 seconds
Number of updated asset objects reloaded before import = 0Number of asset objects unloaded after import = 1

========================================================================
Received Import Request.
  Time since last request: 0.000031 seconds.
  path: Assets/TextMesh Pro/Shaders/TMPro_Properties.cginc
  artifactKey: Guid(3997e2241185407d80309a82f9148466) Importer(2089858483,192608db42251d675da83286b1cce702)
Start importing Assets/TextMesh Pro/Shaders/TMPro_Properties.cginc using Guid(3997e2241185407d80309a82f9148466) Importer(2089858483,192608db42251d675da83286b1cce702) (ScriptedImporter) -> (artifact id: '4a8e4db8b87c0eb97d61923e3031565b') in 0.4274889 seconds
Number of updated asset objects reloaded before import = 0Number of asset objects unloaded after import = 1

========================================================================
Received Import Request.
  Time since last request: 0.000045 seconds.
  path: Assets/Scripts/Audio/AudioManager.cs
  artifactKey: Guid(8dae1e7618820504698fd1f80269a3e1) Importer(2089858483,192608db42251d675da83286b1cce702)
Start importing Assets/Scripts/Audio/AudioManager.cs using Guid(8dae1e7618820504698fd1f80269a3e1) Importer(2089858483,192608db42251d675da83286b1cce702) (ScriptedImporter) -> (artifact id: '0ff5d2408ff17b09dd92ed7e11291075') in 0.0117942 seconds
Number of updated asset objects reloaded before import = 0Number of asset objects unloaded after import = 0

========================================================================
Received Import Request.
  Time since last request: 0.000032 seconds.
  path: Assets/TextMesh Pro/Shaders/TMP_SDF.shader
  artifactKey: Guid(68e6db2ebdc24f95958faec2be5558d6) Importer(2089858483,192608db42251d675da83286b1cce702)
Start importing Assets/TextMesh Pro/Shaders/TMP_SDF.shader using Guid(68e6db2ebdc24f95958faec2be5558d6) Importer(2089858483,192608db42251d675da83286b1cce702) (ScriptedImporter) -> (artifact id: '5d85049be000a1c27e0be75babeb9192') in 0.0142899 seconds
Number of updated asset objects reloaded before import = 0Number of asset objects unloaded after import = 1

========================================================================
Received Prepare
Refreshing native plugins compatible for Editor in 0.68 ms, found 3 plugins.
Preloading 0 native plugins for Editor in 0.00 ms.
Unloading 14 Unused Serialized files (Serialized files now loaded: 0)
Unloading 6107 unused Assets / (4.2 MB). Loaded Objects now: 6976.
Memory consumption went from 145.3 MB to 141.1 MB.
Total: 9.451800 ms (FindLiveObjects: 0.769400 ms CreateObjectMapping: 0.336900 ms MarkObjects: 6.144900 ms  DeleteObjects: 2.199400 ms)

Prepare: number of updated asset objects reloaded= 0
========================================================================
Received Import Request.
  Time since last request: 0.298810 seconds.
  path: Assets/Scripts/Core/GameSettingsObject.cs
  artifactKey: Guid(ae5a0355ea213fb448fbe9af527cc2d3) Importer(815301076,1909f56bfc062723c751e8b465ee728b)
Start importing Assets/Scripts/Core/GameSettingsObject.cs using Guid(ae5a0355ea213fb448fbe9af527cc2d3) Importer(815301076,1909f56bfc062723c751e8b465ee728b) (PreviewImporter) -> (artifact id: 'fddac9db9542bedf06b3efda0470d88e') in 0.0057264 seconds
Number of updated asset objects reloaded before import = 0Number of asset objects unloaded after import = 0

========================================================================
Received Import Request.
  Time since last request: 4.226864 seconds.
  path: Assets/Scenes/Tutorial Level 3.unity
  artifactKey: Guid(674bd64856aa4d14e950cbef0e5fbf5e) Importer(2089858483,192608db42251d675da83286b1cce702)
Start importing Assets/Scenes/Tutorial Level 3.unity using Guid(674bd64856aa4d14e950cbef0e5fbf5e) Importer(2089858483,192608db42251d675da83286b1cce702) (ScriptedImporter) -> (artifact id: '0cd2622e61fbb0063a05c4dc7c2291ab') in 0.0230565 seconds
Number of updated asset objects reloaded before import = 0Number of asset objects unloaded after import = 1

========================================================================
Received Import Request.
  Time since last request: 0.000026 seconds.
  path: Assets/Scripts/Level/LevelSelectController.cs
  artifactKey: Guid(9b2b8721a4dbbf14e8bde478a569612b) Importer(2089858483,192608db42251d675da83286b1cce702)
Start importing Assets/Scripts/Level/LevelSelectController.cs using Guid(9b2b8721a4dbbf14e8bde478a569612b) Importer(2089858483,192608db42251d675da83286b1cce702) (ScriptedImporter) -> (artifact id: 'fb19e6f20b812f78b8ac50606f241a34') in 0.0115544 seconds
Number of updated asset objects reloaded before import = 0Number of asset objects unloaded after import = 0

========================================================================
Received Import Request.
  Time since last request: 0.000073 seconds.
  path: Assets/TextMesh Pro/Shaders/TMP_SDF-Surface-Mobile.shader
  artifactKey: Guid(85187c2149c549c5b33f0cdb02836b17) Importer(2089858483,192608db42251d675da83286b1cce702)
Start importing Assets/TextMesh Pro/Shaders/TMP_SDF-Surface-Mobile.shader using Guid(85187c2149c549c5b33f0cdb02836b17) Importer(2089858483,192608db42251d675da83286b1cce702) (ScriptedImporter) -> (artifact id: '2e0f54f360ffd6ae66a04b5017546765') in 0.0117248 seconds
Number of updated asset objects reloaded before import = 0Number of asset objects unloaded after import = 1

========================================================================
Received Import Request.
  Time since last request: 0.000024 seconds.
  path: Assets/Visuals/Material/GroundMaterial.mat
  artifactKey: Guid(65694ec8cc915bf42a78c68a9438a2a5) Importer(2089858483,192608db42251d675da83286b1cce702)
Start importing Assets/Visuals/Material/GroundMaterial.mat using Guid(65694ec8cc915bf42a78c68a9438a2a5) Importer(2089858483,192608db42251d675da83286b1cce702) (ScriptedImporter) -> (artifact id: '403f905bafd787d3ac88e124def0472f') in 0.0535395 seconds
Number of updated asset objects reloaded before import = 0Number of asset objects unloaded after import = 1

========================================================================
Received Import Request.
  Time since last request: 0.000030 seconds.
  path: Assets/TextMesh Pro/Shaders/TMPro_Mobile.cginc
  artifactKey: Guid(c334973cef89a9840b0b0c507e0377ab) Importer(2089858483,192608db42251d675da83286b1cce702)
Start importing Assets/TextMesh Pro/Shaders/TMPro_Mobile.cginc using Guid(c334973cef89a9840b0b0c507e0377ab) Importer(2089858483,192608db42251d675da83286b1cce702) (ScriptedImporter) -> (artifact id: '75165a5c8983d9f5fd8f5de9910a6390') in 0.1102883 seconds
Number of updated asset objects reloaded before import = 0Number of asset objects unloaded after import = 1

========================================================================
Received Import Request.
  Time since last request: 0.000031 seconds.
  path: Assets/Scripts/Gameplay/CameraFollow.cs
  artifactKey: Guid(ad38802a057736e498c97db7f9d535e3) Importer(2089858483,192608db42251d675da83286b1cce702)
Start importing Assets/Scripts/Gameplay/CameraFollow.cs using Guid(ad38802a057736e498c97db7f9d535e3) Importer(2089858483,192608db42251d675da83286b1cce702) (ScriptedImporter) -> (artifact id: '01e43d9c2feeca462d3b6a1a767155c2') in 0.0127665 seconds
Number of updated asset objects reloaded before import = 0Number of asset objects unloaded after import = 0

========================================================================
Received Import Request.
  Time since last request: 0.000024 seconds.
  path: Assets/TextMesh Pro/Sprites/EmojiOne.json
  artifactKey: Guid(8f05276190cf498a8153f6cbe761d4e6) Importer(2089858483,192608db42251d675da83286b1cce702)
Start importing Assets/TextMesh Pro/Sprites/EmojiOne.json using Guid(8f05276190cf498a8153f6cbe761d4e6) Importer(2089858483,192608db42251d675da83286b1cce702) (ScriptedImporter) -> (artifact id: '29eb0299a0c3c6c458fe5c8007211284') in 0.0523561 seconds
Number of updated asset objects reloaded before import = 0Number of asset objects unloaded after import = 1

========================================================================
Received Import Request.
  Time since last request: 0.000023 seconds.
  path: Assets/TextMesh Pro/Shaders/TMP_SDF-Mobile Overlay.shader
  artifactKey: Guid(a02a7d8c237544f1962732b55a9aebf1) Importer(2089858483,192608db42251d675da83286b1cce702)
Start importing Assets/TextMesh Pro/Shaders/TMP_SDF-Mobile Overlay.shader using Guid(a02a7d8c237544f1962732b55a9aebf1) Importer(2089858483,192608db42251d675da83286b1cce702) (ScriptedImporter) -> (artifact id: '1b598034d5df21f57f75fc7999a212ed') in 0.0144703 seconds
Number of updated asset objects reloaded before import = 0Number of asset objects unloaded after import = 1

========================================================================
Received Import Request.
  Time since last request: 0.000026 seconds.
  path: Assets/TextMesh Pro/Shaders/TMPro.cginc
  artifactKey: Guid(407bc68d299748449bbf7f48ee690f8d) Importer(2089858483,192608db42251d675da83286b1cce702)
Start importing Assets/TextMesh Pro/Shaders/TMPro.cginc using Guid(407bc68d299748449bbf7f48ee690f8d) Importer(2089858483,192608db42251d675da83286b1cce702) (ScriptedImporter) -> (artifact id: 'ff12fb43f9a405357fc5d300bc49ffb9') in 0.0550843 seconds
Number of updated asset objects reloaded before import = 0Number of asset objects unloaded after import = 1

========================================================================
Received Import Request.
  Time since last request: 0.000031 seconds.
  path: Assets/Audio/SFX/Click.wav
  artifactKey: Guid(5b47fcf873711a7488c96cab139d7c81) Importer(2089858483,192608db42251d675da83286b1cce702)
Start importing Assets/Audio/SFX/Click.wav using Guid(5b47fcf873711a7488c96cab139d7c81) Importer(2089858483,192608db42251d675da83286b1cce702) (ScriptedImporter) -> (artifact id: '5f1da347eaff0918d3c7b77b12dc655b') in 0.1173944 seconds
Number of updated asset objects reloaded before import = 0Number of asset objects unloaded after import = 1

========================================================================
Received Import Request.
  Time since last request: 0.000022 seconds.
  path: Assets/Readme.asset
  artifactKey: Guid(8105016687592461f977c054a80ce2f2) Importer(2089858483,192608db42251d675da83286b1cce702)
Start importing Assets/Readme.asset using Guid(8105016687592461f977c054a80ce2f2) Importer(2089858483,192608db42251d675da83286b1cce702) (ScriptedImporter) -> (artifact id: '17e673234e7499876c29e03c99f940fd') in 0.1013257 seconds
Number of updated asset objects reloaded before import = 0Number of asset objects unloaded after import = 2

========================================================================
Received Import Request.
  Time since last request: 0.000031 seconds.
  path: Assets/Prefabs/ChapterButtonParent.prefab
  artifactKey: Guid(8ed85dac64692ae48835faa1524f11e9) Importer(2089858483,192608db42251d675da83286b1cce702)
Start importing Assets/Prefabs/ChapterButtonParent.prefab using Guid(8ed85dac64692ae48835faa1524f11e9) Importer(2089858483,192608db42251d675da83286b1cce702) (ScriptedImporter) -> (artifact id: '1ff086ef39f4d0ad04c00758965035d6') in 0.1707135 seconds
Number of updated asset objects reloaded before import = 0Number of asset objects unloaded after import = 21

========================================================================
Received Import Request.
  Time since last request: 0.000023 seconds.
  path: Assets/TextMesh Pro/Shaders/TMP_Bitmap-Custom-Atlas.shader
  artifactKey: Guid(48bb5f55d8670e349b6e614913f9d910) Importer(2089858483,192608db42251d675da83286b1cce702)
Start importing Assets/TextMesh Pro/Shaders/TMP_Bitmap-Custom-Atlas.shader using Guid(48bb5f55d8670e349b6e614913f9d910) Importer(2089858483,192608db42251d675da83286b1cce702) (ScriptedImporter) -> (artifact id: 'f83fc9b3bca4368059954c59697bd803') in 0.0140154 seconds
Number of updated asset objects reloaded before import = 0Number of asset objects unloaded after import = 1

========================================================================
Received Import Request.
  Time since last request: 0.000035 seconds.
  path: Assets/Scripts/UpgradeController.cs
  artifactKey: Guid(cc300457ee287c24d95848883573a4eb) Importer(2089858483,192608db42251d675da83286b1cce702)
Start importing Assets/Scripts/UpgradeController.cs using Guid(cc300457ee287c24d95848883573a4eb) Importer(2089858483,192608db42251d675da83286b1cce702) (ScriptedImporter) -> (artifact id: 'f76cbee794b8024b793d67fccec12cbc') in 0.0126919 seconds
Number of updated asset objects reloaded before import = 0Number of asset objects unloaded after import = 0

========================================================================
Received Import Request.
  Time since last request: 0.000021 seconds.
  path: Assets/Audio/SFX/Shoot.wav
  artifactKey: Guid(72e6919ba7ba0784b9fb21aade59134a) Importer(2089858483,192608db42251d675da83286b1cce702)
Start importing Assets/Audio/SFX/Shoot.wav using Guid(72e6919ba7ba0784b9fb21aade59134a) Importer(2089858483,192608db42251d675da83286b1cce702) (ScriptedImporter) -> (artifact id: '760ff27440b2a478037b8572d26513f4') in 0.0954202 seconds
Number of updated asset objects reloaded before import = 0Number of asset objects unloaded after import = 1

========================================================================
Received Import Request.
  Time since last request: 0.000023 seconds.
  path: Assets/Settings/Mobile_RPAsset.asset
  artifactKey: Guid(5e6cbd92db86f4b18aec3ed561671858) Importer(2089858483,192608db42251d675da83286b1cce702)
Start importing Assets/Settings/Mobile_RPAsset.asset using Guid(5e6cbd92db86f4b18aec3ed561671858) Importer(2089858483,192608db42251d675da83286b1cce702) (ScriptedImporter) -> (artifact id: '65ceab39ace4f46a1e05e71f1a2357a3') in 1.1378811 seconds
Number of updated asset objects reloaded before import = 0Number of asset objects unloaded after import = 2

========================================================================
Received Import Request.
  Time since last request: 0.000019 seconds.
  path: Assets/TextMesh Pro/Shaders/TMP_SDF-Mobile-2-Pass.shader
  artifactKey: Guid(0178fcb869bafef4690d177d31d17db8) Importer(2089858483,192608db42251d675da83286b1cce702)
Start importing Assets/TextMesh Pro/Shaders/TMP_SDF-Mobile-2-Pass.shader using Guid(0178fcb869bafef4690d177d31d17db8) Importer(2089858483,192608db42251d675da83286b1cce702) (ScriptedImporter) -> (artifact id: '51c62ae8860b7451fdc7db705f4f94b1') in 0.0133064 seconds
Number of updated asset objects reloaded before import = 0Number of asset objects unloaded after import = 1

========================================================================
Received Import Request.
  Time since last request: 0.000027 seconds.
  path: Assets/TextMesh Pro/Shaders/TMP_SDF-HDRP LIT.shadergraph
  artifactKey: Guid(ca2ed216f98028c4dae6c5224a952b3c) Importer(2089858483,192608db42251d675da83286b1cce702)
Start importing Assets/TextMesh Pro/Shaders/TMP_SDF-HDRP LIT.shadergraph using Guid(ca2ed216f98028c4dae6c5224a952b3c) Importer(2089858483,192608db42251d675da83286b1cce702) (ScriptedImporter) -> (artifact id: '09317e42c44f3548e5b3116df7857622') in 0.8014235 seconds
Number of updated asset objects reloaded before import = 0Number of asset objects unloaded after import = 3

========================================================================
Received Import Request.
  Time since last request: 0.000018 seconds.
  path: Assets/Settings/SampleSceneProfile.asset
  artifactKey: Guid(10fc4df2da32a41aaa32d77bc913491c) Importer(2089858483,192608db42251d675da83286b1cce702)
Start importing Assets/Settings/SampleSceneProfile.asset using Guid(10fc4df2da32a41aaa32d77bc913491c) Importer(2089858483,192608db42251d675da83286b1cce702) (ScriptedImporter) -> (artifact id: 'a794a8d0fba2b7cc744ff61f672a2220') in 0.1795046 seconds
Number of updated asset objects reloaded before import = 0Number of asset objects unloaded after import = 1

========================================================================
Received Import Request.
  Time since last request: 0.000051 seconds.
  path: Assets/Audio/SFX/EnemyHit.wav
  artifactKey: Guid(6b2f07e6c369ba5469f9d152443f8448) Importer(2089858483,192608db42251d675da83286b1cce702)
Start importing Assets/Audio/SFX/EnemyHit.wav using Guid(6b2f07e6c369ba5469f9d152443f8448) Importer(2089858483,192608db42251d675da83286b1cce702) (ScriptedImporter) -> (artifact id: '8d4fd201b4254f903d41a5c0663642c1') in 0.2116822 seconds
Number of updated asset objects reloaded before import = 0Number of asset objects unloaded after import = 1

========================================================================
Received Import Request.
  Time since last request: 0.000022 seconds.
  path: Assets/Scripts/Core/GameSession.cs
  artifactKey: Guid(0a8624d3ae7807c4ca424f4e9721465c) Importer(2089858483,192608db42251d675da83286b1cce702)
Start importing Assets/Scripts/Core/GameSession.cs using Guid(0a8624d3ae7807c4ca424f4e9721465c) Importer(2089858483,192608db42251d675da83286b1cce702) (ScriptedImporter) -> (artifact id: '0d73fb535722d5b8c5898044fca5923d') in 0.0194986 seconds
Number of updated asset objects reloaded before import = 0Number of asset objects unloaded after import = 0

========================================================================
Received Import Request.
  Time since last request: 0.000037 seconds.
  path: Assets/Audio/SFX/Hover.wav
  artifactKey: Guid(840291b2761a9d34f8745b4113f67459) Importer(2089858483,192608db42251d675da83286b1cce702)
Start importing Assets/Audio/SFX/Hover.wav using Guid(840291b2761a9d34f8745b4113f67459) Importer(2089858483,192608db42251d675da83286b1cce702) (ScriptedImporter) -> (artifact id: '3a56e895ece6a1c0a1fe17398067b01e') in 0.2044157 seconds
Number of updated asset objects reloaded before import = 0Number of asset objects unloaded after import = 1

========================================================================
Received Import Request.
  Time since last request: 0.000021 seconds.
  path: Assets/Audio/SFX/CoinPickup.wav
  artifactKey: Guid(aa97f8c6d187fe44fafbea750d8fa360) Importer(2089858483,192608db42251d675da83286b1cce702)
Start importing Assets/Audio/SFX/CoinPickup.wav using Guid(aa97f8c6d187fe44fafbea750d8fa360) Importer(2089858483,192608db42251d675da83286b1cce702) (ScriptedImporter) -> (artifact id: 'b5b22875e2cefa151e0cb88cb7807f5b') in 0.0956489 seconds
Number of updated asset objects reloaded before import = 0Number of asset objects unloaded after import = 1

========================================================================
Received Import Request.
  Time since last request: 0.000030 seconds.
  path: Assets/TextMesh Pro/Shaders/TMP_SDF-Mobile Masking.shader
  artifactKey: Guid(bc1ede39bf3643ee8e493720e4259791) Importer(2089858483,192608db42251d675da83286b1cce702)
Start importing Assets/TextMesh Pro/Shaders/TMP_SDF-Mobile Masking.shader using Guid(bc1ede39bf3643ee8e493720e4259791) Importer(2089858483,192608db42251d675da83286b1cce702) (ScriptedImporter) -> (artifact id: '98017c2b3c434e5d46c8a432f546dbf2') in 0.0610462 seconds
Number of updated asset objects reloaded before import = 0Number of asset objects unloaded after import = 1

========================================================================
Received Import Request.
  Time since last request: 0.000021 seconds.
  path: Assets/Scripts/UI/Settings/AudioSettingsPanel.cs
  artifactKey: Guid(11cf1c4c36aedff47b6c74d8973e9b89) Importer(2089858483,192608db42251d675da83286b1cce702)
Start importing Assets/Scripts/UI/Settings/AudioSettingsPanel.cs using Guid(11cf1c4c36aedff47b6c74d8973e9b89) Importer(2089858483,192608db42251d675da83286b1cce702) (ScriptedImporter) -> (artifact id: 'b8d32140fe1ed86eb1dbf141e4a39279') in 0.0118914 seconds
Number of updated asset objects reloaded before import = 0Number of asset objects unloaded after import = 0

========================================================================
Received Import Request.
  Time since last request: 0.000032 seconds.
  path: Assets/Visuals/Shop.png
  artifactKey: Guid(9daa53319ab202f408ceb679e2d42c45) Importer(2089858483,192608db42251d675da83286b1cce702)
Start importing Assets/Visuals/Shop.png using Guid(9daa53319ab202f408ceb679e2d42c45) Importer(2089858483,192608db42251d675da83286b1cce702) (ScriptedImporter) -> (artifact id: '45639889a5813fa8b8cd4c14bef50fc5') in 0.3547142 seconds
Number of updated asset objects reloaded before import = 0Number of asset objects unloaded after import = 1

========================================================================
Received Import Request.
  Time since last request: 1.656011 seconds.
  path: Assets/Scripts/Core/GameSettingsObject.cs
  artifactKey: Guid(ae5a0355ea213fb448fbe9af527cc2d3) Importer(2089858483,192608db42251d675da83286b1cce702)
Start importing Assets/Scripts/Core/GameSettingsObject.cs using Guid(ae5a0355ea213fb448fbe9af527cc2d3) Importer(2089858483,192608db42251d675da83286b1cce702) (ScriptedImporter) -> (artifact id: '35f6aadbd2dcb54d05180417456f26c0') in 0.0133823 seconds
Number of updated asset objects reloaded before import = 0Number of asset objects unloaded after import = 0

========================================================================
Received Import Request.
  Time since last request: 0.651997 seconds.
  path: Assets/Scripts/Core/Base
  artifactKey: Guid(5668066c604319f44931cd25fc91fd54) Importer(2089858483,192608db42251d675da83286b1cce702)
Start importing Assets/Scripts/Core/Base using Guid(5668066c604319f44931cd25fc91fd54) Importer(2089858483,192608db42251d675da83286b1cce702) (ScriptedImporter) -> (artifact id: '27d3d6fa3d2a06685479dd6bf1ca6ace') in 0.0461051 seconds
Number of updated asset objects reloaded before import = 0Number of asset objects unloaded after import = 1

========================================================================
Received Import Request.
  Time since last request: 0.621331 seconds.
  path: Assets/Scripts/Core/GameSettings.cs
  artifactKey: Guid(ea82473b1d25abb4395b89295d87d193) Importer(2089858483,192608db42251d675da83286b1cce702)
Start importing Assets/Scripts/Core/GameSettings.cs using Guid(ea82473b1d25abb4395b89295d87d193) Importer(2089858483,192608db42251d675da83286b1cce702) (ScriptedImporter) -> (artifact id: '4ede066eed3530066e51fb6bccf87333') in 0.0106918 seconds
Number of updated asset objects reloaded before import = 0Number of asset objects unloaded after import = 0

========================================================================
Received Prepare
Begin MonoManager ReloadAssembly
[Licensing::Client] Successfully resolved entitlement details
- Loaded All Assemblies, in  3.567 seconds
Refreshing native plugins compatible for Editor in 0.91 ms, found 3 plugins.
Native extension for WindowsStandalone target not found
[Package Manager] Failed to launch server process. Reason: Unity was launched with the -noUpm command-line argument
[Package Manager] Unable to send message (not connected to server process).
[Package Manager] Cannot connect to Unity Package Manager local server
Mono: successfully reloaded assembly
- Finished resetting the current domain, in  1.045 seconds
Domain Reload Profiling: 4615ms
	BeginReloadAssembly (1313ms)
		ExecutionOrderSort (0ms)
		DisableScriptedObjects (13ms)
		BackupInstance (0ms)
		ReleaseScriptingObjects (1ms)
		CreateAndSetChildDomain (360ms)
	RebuildCommonClasses (42ms)
	RebuildNativeTypeToScriptingClass (14ms)
	initialDomainReloadingComplete (46ms)
	LoadAllAssembliesAndSetupDomain (2154ms)
		LoadAssemblies (2734ms)
		RebuildTransferFunctionScriptingTraits (0ms)
		AnalyzeDomain (248ms)
			TypeCache.Refresh (19ms)
				TypeCache.ScanAssembly (1ms)
			BuildScriptInfoCaches (198ms)
			ResolveRequiredComponents (11ms)
	FinalizeReload (1045ms)
		ReleaseScriptCaches (0ms)
		RebuildScriptCaches (0ms)
		SetupLoadedEditorAssemblies (827ms)
			LogAssemblyErrors (0ms)
			InitializePlatformSupportModulesInManaged (2ms)
			SetLoadedEditorAssemblies (7ms)
			BeforeProcessingInitializeOnLoad (253ms)
			ProcessInitializeOnLoadAttributes (492ms)
			ProcessInitializeOnLoadMethodAttributes (69ms)
			AfterProcessingInitializeOnLoad (3ms)
			EditorAssembliesLoaded (0ms)
		ExecutionOrderSort2 (0ms)
		AwakeInstancesAfterBackupRestoration (18ms)
Refreshing native plugins compatible for Editor in 0.76 ms, found 3 plugins.
Preloading 0 native plugins for Editor in 0.00 ms.
Unloading 13 Unused Serialized files (Serialized files now loaded: 0)
Unloading 6114 unused Assets / (4.5 MB). Loaded Objects now: 6873.
Memory consumption went from 152.0 MB to 147.5 MB.
Total: 8.820700 ms (FindLiveObjects: 0.797300 ms CreateObjectMapping: 0.333400 ms MarkObjects: 4.747100 ms  DeleteObjects: 2.941400 ms)

Prepare: number of updated asset objects reloaded= 0
========================================================================
Received Import Request.
  Time since last request: 409.343421 seconds.
  path: Assets/Scripts/Core/GameSettingsObject.cs
  artifactKey: Guid(ae5a0355ea213fb448fbe9af527cc2d3) Importer(815301076,1909f56bfc062723c751e8b465ee728b)
Start importing Assets/Scripts/Core/GameSettingsObject.cs using Guid(ae5a0355ea213fb448fbe9af527cc2d3) Importer(815301076,1909f56bfc062723c751e8b465ee728b) (PreviewImporter) -> (artifact id: '52e602798bd0470699807b4edea3b457') in 0.0064641 seconds
Number of updated asset objects reloaded before import = 0Number of asset objects unloaded after import = 0

========================================================================
Received Prepare
Refreshing native plugins compatible for Editor in 0.84 ms, found 3 plugins.
Preloading 0 native plugins for Editor in 0.00 ms.
Unloading 13 Unused Serialized files (Serialized files now loaded: 0)
Unloading 6107 unused Assets / (4.5 MB). Loaded Objects now: 6874.
Memory consumption went from 152.0 MB to 147.5 MB.
Total: 7.290800 ms (FindLiveObjects: 0.749500 ms CreateObjectMapping: 0.328500 ms MarkObjects: 4.076600 ms  DeleteObjects: 2.135500 ms)

Prepare: number of updated asset objects reloaded= 0
========================================================================
Received Import Request.
  Time since last request: 132.431500 seconds.
  path: Assets/Scripts/Core/Base/NewScriptableObjectScript.cs
  artifactKey: Guid(de1c2c9b195a15e488801520484c8903) Importer(815301076,1909f56bfc062723c751e8b465ee728b)
Start importing Assets/Scripts/Core/Base/NewScriptableObjectScript.cs using Guid(de1c2c9b195a15e488801520484c8903) Importer(815301076,1909f56bfc062723c751e8b465ee728b) (PreviewImporter) -> (artifact id: 'bd9e498683a532ff09a2afd37ccff3b6') in 0.0050622 seconds
Number of updated asset objects reloaded before import = 0Number of asset objects unloaded after import = 0

========================================================================
Received Import Request.
  Time since last request: 3.215022 seconds.
  path: Assets/Scripts/Core/Base/NewScriptableObjectScript.cs
  artifactKey: Guid(de1c2c9b195a15e488801520484c8903) Importer(2089858483,192608db42251d675da83286b1cce702)
Start importing Assets/Scripts/Core/Base/NewScriptableObjectScript.cs using Guid(de1c2c9b195a15e488801520484c8903) Importer(2089858483,192608db42251d675da83286b1cce702) (ScriptedImporter) -> (artifact id: '52308179932eee7582d7ab77e021954b') in 0.1634666 seconds
Number of updated asset objects reloaded before import = 0Number of asset objects unloaded after import = 0

========================================================================
Received Prepare
Begin MonoManager ReloadAssembly
[Licensing::Client] Successfully resolved entitlement details
- Loaded All Assemblies, in  2.622 seconds
Refreshing native plugins compatible for Editor in 0.59 ms, found 3 plugins.
Native extension for WindowsStandalone target not found
[Package Manager] Failed to launch server process. Reason: Unity was launched with the -noUpm command-line argument
[Package Manager] Unable to send message (not connected to server process).
[Package Manager] Cannot connect to Unity Package Manager local server
Mono: successfully reloaded assembly
- Finished resetting the current domain, in  0.817 seconds
Domain Reload Profiling: 3442ms
	BeginReloadAssembly (229ms)
		ExecutionOrderSort (0ms)
		DisableScriptedObjects (6ms)
		BackupInstance (0ms)
		ReleaseScriptingObjects (0ms)
		CreateAndSetChildDomain (61ms)
	RebuildCommonClasses (36ms)
	RebuildNativeTypeToScriptingClass (14ms)
	initialDomainReloadingComplete (25ms)
	LoadAllAssembliesAndSetupDomain (2321ms)
		LoadAssemblies (2236ms)
		RebuildTransferFunctionScriptingTraits (0ms)
		AnalyzeDomain (186ms)
			TypeCache.Refresh (8ms)
				TypeCache.ScanAssembly (1ms)
			BuildScriptInfoCaches (163ms)
			ResolveRequiredComponents (10ms)
	FinalizeReload (818ms)
		ReleaseScriptCaches (0ms)
		RebuildScriptCaches (0ms)
		SetupLoadedEditorAssemblies (670ms)
			LogAssemblyErrors (0ms)
			InitializePlatformSupportModulesInManaged (2ms)
			SetLoadedEditorAssemblies (6ms)
			BeforeProcessingInitializeOnLoad (202ms)
			ProcessInitializeOnLoadAttributes (406ms)
			ProcessInitializeOnLoadMethodAttributes (50ms)
			AfterProcessingInitializeOnLoad (3ms)
			EditorAssembliesLoaded (0ms)
		ExecutionOrderSort2 (0ms)
		AwakeInstancesAfterBackupRestoration (16ms)
Refreshing native plugins compatible for Editor in 0.68 ms, found 3 plugins.
Preloading 0 native plugins for Editor in 0.00 ms.
Unloading 13 Unused Serialized files (Serialized files now loaded: 0)
Unloading 6113 unused Assets / (4.4 MB). Loaded Objects now: 6877.
Memory consumption went from 151.8 MB to 147.4 MB.
Total: 7.856600 ms (FindLiveObjects: 0.833100 ms CreateObjectMapping: 0.616600 ms MarkObjects: 4.183400 ms  DeleteObjects: 2.222100 ms)

Prepare: number of updated asset objects reloaded= 0
========================================================================
Received Prepare
Refreshing native plugins compatible for Editor in 0.71 ms, found 3 plugins.
Preloading 0 native plugins for Editor in 0.00 ms.
Unloading 13 Unused Serialized files (Serialized files now loaded: 0)
Unloading 6106 unused Assets / (4.3 MB). Loaded Objects now: 6876.
Memory consumption went from 152.0 MB to 147.7 MB.
Total: 7.719500 ms (FindLiveObjects: 0.834100 ms CreateObjectMapping: 0.351800 ms MarkObjects: 4.189500 ms  DeleteObjects: 2.343200 ms)

Prepare: number of updated asset objects reloaded= 0
========================================================================
Received Prepare
Begin MonoManager ReloadAssembly
- Loaded All Assemblies, in  0.722 seconds
Refreshing native plugins compatible for Editor in 0.64 ms, found 3 plugins.
Native extension for WindowsStandalone target not found
[Package Manager] Failed to launch server process. Reason: Unity was launched with the -noUpm command-line argument
[Package Manager] Unable to send message (not connected to server process).
[Package Manager] Cannot connect to Unity Package Manager local server
Mono: successfully reloaded assembly
- Finished resetting the current domain, in  0.807 seconds
Domain Reload Profiling: 1532ms
	BeginReloadAssembly (201ms)
		ExecutionOrderSort (0ms)
		DisableScriptedObjects (7ms)
		BackupInstance (0ms)
		ReleaseScriptingObjects (0ms)
		CreateAndSetChildDomain (45ms)
	RebuildCommonClasses (36ms)
	RebuildNativeTypeToScriptingClass (14ms)
	initialDomainReloadingComplete (25ms)
	LoadAllAssembliesAndSetupDomain (450ms)
		LoadAssemblies (348ms)
		RebuildTransferFunctionScriptingTraits (0ms)
		AnalyzeDomain (198ms)
			TypeCache.Refresh (9ms)
				TypeCache.ScanAssembly (1ms)
			BuildScriptInfoCaches (174ms)
			ResolveRequiredComponents (11ms)
	FinalizeReload (807ms)
		ReleaseScriptCaches (0ms)
		RebuildScriptCaches (0ms)
		SetupLoadedEditorAssemblies (655ms)
			LogAssemblyErrors (0ms)
			InitializePlatformSupportModulesInManaged (2ms)
			SetLoadedEditorAssemblies (6ms)
			BeforeProcessingInitializeOnLoad (205ms)
			ProcessInitializeOnLoadAttributes (392ms)
			ProcessInitializeOnLoadMethodAttributes (47ms)
			AfterProcessingInitializeOnLoad (2ms)
			EditorAssembliesLoaded (0ms)
		ExecutionOrderSort2 (0ms)
		AwakeInstancesAfterBackupRestoration (15ms)
Refreshing native plugins compatible for Editor in 0.67 ms, found 3 plugins.
Preloading 0 native plugins for Editor in 0.00 ms.
Unloading 13 Unused Serialized files (Serialized files now loaded: 0)
Unloading 6112 unused Assets / (4.4 MB). Loaded Objects now: 6879.
Memory consumption went from 151.9 MB to 147.4 MB.
Total: 8.146300 ms (FindLiveObjects: 0.790800 ms CreateObjectMapping: 0.363400 ms MarkObjects: 4.561200 ms  DeleteObjects: 2.429800 ms)

Prepare: number of updated asset objects reloaded= 0
========================================================================
Received Import Request.
  Time since last request: 91.939500 seconds.
  path: Assets/Scripts/Core/GameSettingsObject.cs
  artifactKey: Guid(ae5a0355ea213fb448fbe9af527cc2d3) Importer(2089858483,192608db42251d675da83286b1cce702)
Start importing Assets/Scripts/Core/GameSettingsObject.cs using Guid(ae5a0355ea213fb448fbe9af527cc2d3) Importer(2089858483,192608db42251d675da83286b1cce702) (ScriptedImporter) -> (artifact id: '1c4c7b3fe10d297da671db1a30494287') in 0.1735462 seconds
Number of updated asset objects reloaded before import = 0Number of asset objects unloaded after import = 0

========================================================================
Received Prepare
Begin MonoManager ReloadAssembly
- Loaded All Assemblies, in  0.765 seconds
Refreshing native plugins compatible for Editor in 0.62 ms, found 3 plugins.
Native extension for WindowsStandalone target not found
[Package Manager] Failed to launch server process. Reason: Unity was launched with the -noUpm command-line argument
[Package Manager] Unable to send message (not connected to server process).
[Package Manager] Cannot connect to Unity Package Manager local server
Mono: successfully reloaded assembly
- Finished resetting the current domain, in  0.811 seconds
Domain Reload Profiling: 1580ms
	BeginReloadAssembly (237ms)
		ExecutionOrderSort (0ms)
		DisableScriptedObjects (6ms)
		BackupInstance (0ms)
		ReleaseScriptingObjects (0ms)
		CreateAndSetChildDomain (62ms)
	RebuildCommonClasses (35ms)
	RebuildNativeTypeToScriptingClass (16ms)
	initialDomainReloadingComplete (28ms)
	LoadAllAssembliesAndSetupDomain (452ms)
		LoadAssemblies (367ms)
		RebuildTransferFunctionScriptingTraits (0ms)
		AnalyzeDomain (192ms)
			TypeCache.Refresh (9ms)
				TypeCache.ScanAssembly (1ms)
			BuildScriptInfoCaches (169ms)
			ResolveRequiredComponents (11ms)
	FinalizeReload (812ms)
		ReleaseScriptCaches (0ms)
		RebuildScriptCaches (0ms)
		SetupLoadedEditorAssemblies (660ms)
			LogAssemblyErrors (0ms)
			InitializePlatformSupportModulesInManaged (2ms)
			SetLoadedEditorAssemblies (6ms)
			BeforeProcessingInitializeOnLoad (204ms)
			ProcessInitializeOnLoadAttributes (398ms)
			ProcessInitializeOnLoadMethodAttributes (48ms)
			AfterProcessingInitializeOnLoad (2ms)
			EditorAssembliesLoaded (0ms)
		ExecutionOrderSort2 (0ms)
		AwakeInstancesAfterBackupRestoration (16ms)
Refreshing native plugins compatible for Editor in 0.66 ms, found 3 plugins.
Preloading 0 native plugins for Editor in 0.00 ms.
Unloading 13 Unused Serialized files (Serialized files now loaded: 0)
Unloading 6112 unused Assets / (4.3 MB). Loaded Objects now: 6882.
Memory consumption went from 151.9 MB to 147.6 MB.
Total: 8.398900 ms (FindLiveObjects: 0.881400 ms CreateObjectMapping: 0.457200 ms MarkObjects: 4.493100 ms  DeleteObjects: 2.566200 ms)

Prepare: number of updated asset objects reloaded= 0
========================================================================
Received Import Request.
  Time since last request: 24.418612 seconds.
  path: Assets/Scripts/Core/GameSettingsObject.cs
  artifactKey: Guid(ae5a0355ea213fb448fbe9af527cc2d3) Importer(2089858483,192608db42251d675da83286b1cce702)
Start importing Assets/Scripts/Core/GameSettingsObject.cs using Guid(ae5a0355ea213fb448fbe9af527cc2d3) Importer(2089858483,192608db42251d675da83286b1cce702) (ScriptedImporter) -> (artifact id: '4f4dbda06d6063ad9418613446ce7998') in 0.1833851 seconds
Number of updated asset objects reloaded before import = 0Number of asset objects unloaded after import = 0

========================================================================
Received Import Request.
  Time since last request: 5.681284 seconds.
  path: Assets/Scripts/Core/Base/BaseGameSettingsObject.asset
  artifactKey: Guid(332a63a8288224644a665fc47cba9b05) Importer(815301076,1909f56bfc062723c751e8b465ee728b)
Start importing Assets/Scripts/Core/Base/BaseGameSettingsObject.asset using Guid(332a63a8288224644a665fc47cba9b05) Importer(815301076,1909f56bfc062723c751e8b465ee728b) (PreviewImporter) -> (artifact id: '99b13cf5689e3397c784d32c8da81634') in 0.0155076 seconds
Number of updated asset objects reloaded before import = 0Number of asset objects unloaded after import = 1

========================================================================
Received Import Request.
  Time since last request: 0.911987 seconds.
  path: Assets/Scripts/Core/Base/BaseGameSettingsObject.asset
  artifactKey: Guid(332a63a8288224644a665fc47cba9b05) Importer(2089858483,192608db42251d675da83286b1cce702)
Start importing Assets/Scripts/Core/Base/BaseGameSettingsObject.asset using Guid(332a63a8288224644a665fc47cba9b05) Importer(2089858483,192608db42251d675da83286b1cce702) (ScriptedImporter) -> (artifact id: '434c0860127f624572c439cdc1522b2c') in 0.0261087 seconds
Number of updated asset objects reloaded before import = 0Number of asset objects unloaded after import = 1

========================================================================
Received Import Request.
  Time since last request: 2638.970389 seconds.
  path: Assets/Scripts/Core/GameSettingsObject.cs
  artifactKey: Guid(ae5a0355ea213fb448fbe9af527cc2d3) Importer(815301076,1909f56bfc062723c751e8b465ee728b)
Start importing Assets/Scripts/Core/GameSettingsObject.cs using Guid(ae5a0355ea213fb448fbe9af527cc2d3) Importer(815301076,1909f56bfc062723c751e8b465ee728b) (PreviewImporter) -> (artifact id: '31a7ff1f5e93543d56e54f9fbb135bdc') in 0.0082627 seconds
Number of updated asset objects reloaded before import = 0Number of asset objects unloaded after import = 0

========================================================================
Received Import Request.
  Time since last request: 4.790708 seconds.
  path: Assets/Scripts/Core/GameSettings.cs
  artifactKey: Guid(ea82473b1d25abb4395b89295d87d193) Importer(815301076,1909f56bfc062723c751e8b465ee728b)
Start importing Assets/Scripts/Core/GameSettings.cs using Guid(ea82473b1d25abb4395b89295d87d193) Importer(815301076,1909f56bfc062723c751e8b465ee728b) (PreviewImporter) -> (artifact id: 'ffacc7b67e0bd6dbc9de05a18efeb3f1') in 0.0009202 seconds
Number of updated asset objects reloaded before import = 0Number of asset objects unloaded after import = 0

========================================================================
Received Import Request.
  Time since last request: 535.379620 seconds.
  path: Assets/Scripts/Audio
  artifactKey: Guid(e0ba50e19dcf6cd41a4e35c7cfa0c3e8) Importer(815301076,1909f56bfc062723c751e8b465ee728b)
Start importing Assets/Scripts/Audio using Guid(e0ba50e19dcf6cd41a4e35c7cfa0c3e8) Importer(815301076,1909f56bfc062723c751e8b465ee728b) (PreviewImporter) -> (artifact id: 'e65500c9e3154e4d1423228ddac47d1d') in 0.001325 seconds
Number of updated asset objects reloaded before import = 0Number of asset objects unloaded after import = 0

========================================================================
Received Import Request.
  Time since last request: 1.654632 seconds.
  path: Assets/Scripts/Audio/AudioManager.cs
  artifactKey: Guid(8dae1e7618820504698fd1f80269a3e1) Importer(815301076,1909f56bfc062723c751e8b465ee728b)
Start importing Assets/Scripts/Audio/AudioManager.cs using Guid(8dae1e7618820504698fd1f80269a3e1) Importer(815301076,1909f56bfc062723c751e8b465ee728b) (PreviewImporter) -> (artifact id: '15e6f2ebc1cdae85f8f4ff10dda57f40') in 0.0014206 seconds
Number of updated asset objects reloaded before import = 0Number of asset objects unloaded after import = 0

========================================================================
Received Prepare
Begin MonoManager ReloadAssembly
[Licensing::Client] Successfully resolved entitlement details
- Loaded All Assemblies, in  5.566 seconds
Refreshing native plugins compatible for Editor in 0.86 ms, found 3 plugins.
Native extension for WindowsStandalone target not found
[Package Manager] Failed to launch server process. Reason: Unity was launched with the -noUpm command-line argument
[Package Manager] Unable to send message (not connected to server process).
[Package Manager] Cannot connect to Unity Package Manager local server
Mono: successfully reloaded assembly
- Finished resetting the current domain, in  0.881 seconds
Domain Reload Profiling: 6454ms
	BeginReloadAssembly (1417ms)
		ExecutionOrderSort (0ms)
		DisableScriptedObjects (100ms)
		BackupInstance (0ms)
		ReleaseScriptingObjects (3ms)
		CreateAndSetChildDomain (282ms)
	RebuildCommonClasses (152ms)
	RebuildNativeTypeToScriptingClass (14ms)
	initialDomainReloadingComplete (64ms)
	LoadAllAssembliesAndSetupDomain (3925ms)
		LoadAssemblies (4132ms)
		RebuildTransferFunctionScriptingTraits (0ms)
		AnalyzeDomain (401ms)
			TypeCache.Refresh (87ms)
				TypeCache.ScanAssembly (3ms)
			BuildScriptInfoCaches (292ms)
			ResolveRequiredComponents (13ms)
	FinalizeReload (881ms)
		ReleaseScriptCaches (0ms)
		RebuildScriptCaches (0ms)
		SetupLoadedEditorAssemblies (712ms)
			LogAssemblyErrors (0ms)
			InitializePlatformSupportModulesInManaged (2ms)
			SetLoadedEditorAssemblies (11ms)
			BeforeProcessingInitializeOnLoad (213ms)
			ProcessInitializeOnLoadAttributes (430ms)
			ProcessInitializeOnLoadMethodAttributes (54ms)
			AfterProcessingInitializeOnLoad (2ms)
			EditorAssembliesLoaded (0ms)
		ExecutionOrderSort2 (0ms)
		AwakeInstancesAfterBackupRestoration (16ms)
Refreshing native plugins compatible for Editor in 0.78 ms, found 3 plugins.
Preloading 0 native plugins for Editor in 0.00 ms.
Unloading 13 Unused Serialized files (Serialized files now loaded: 0)
Unloading 6112 unused Assets / (3.5 MB). Loaded Objects now: 6885.
Memory consumption went from 152.0 MB to 148.5 MB.
Total: 10.022300 ms (FindLiveObjects: 0.807600 ms CreateObjectMapping: 0.344400 ms MarkObjects: 6.223000 ms  DeleteObjects: 2.646100 ms)

Prepare: number of updated asset objects reloaded= 0
========================================================================
Received Import Request.
  Time since last request: 78.390169 seconds.
  path: Assets/Scripts/UI
  artifactKey: Guid(a062a7be29ad8ea4b8e072a9a173ecc2) Importer(815301076,1909f56bfc062723c751e8b465ee728b)
Start importing Assets/Scripts/UI using Guid(a062a7be29ad8ea4b8e072a9a173ecc2) Importer(815301076,1909f56bfc062723c751e8b465ee728b) (PreviewImporter) -> (artifact id: 'bdee35c84393797a911597dbf3a0c9a5') in 0.0571823 seconds
Number of updated asset objects reloaded before import = 0Number of asset objects unloaded after import = 0

========================================================================
Received Import Request.
  Time since last request: 342.831693 seconds.
  path: Assets/Scripts/UI/Settings
  artifactKey: Guid(6e46aa6feff5e24418fa87c232865530) Importer(815301076,1909f56bfc062723c751e8b465ee728b)
Start importing Assets/Scripts/UI/Settings using Guid(6e46aa6feff5e24418fa87c232865530) Importer(815301076,1909f56bfc062723c751e8b465ee728b) (PreviewImporter) -> (artifact id: '5cb5acd5268b017f15644fd23e7af553') in 0.0008083 seconds
Number of updated asset objects reloaded before import = 0Number of asset objects unloaded after import = 0

========================================================================
Received Import Request.
  Time since last request: 1.168789 seconds.
  path: Assets/Scripts/UI/Settings/SettingsController.cs
  artifactKey: Guid(b5486ff485c0cc84c88de51ec1d3f7f5) Importer(815301076,1909f56bfc062723c751e8b465ee728b)
Start importing Assets/Scripts/UI/Settings/SettingsController.cs using Guid(b5486ff485c0cc84c88de51ec1d3f7f5) Importer(815301076,1909f56bfc062723c751e8b465ee728b) (PreviewImporter) -> (artifact id: 'd4765dccb182ced13d6e55865c142cca') in 0.0022895 seconds
Number of updated asset objects reloaded before import = 0Number of asset objects unloaded after import = 0

========================================================================
Received Import Request.
  Time since last request: 236.884990 seconds.
  path: Assets/Scripts/UI/Settings/AudioSettingsPanel.cs
  artifactKey: Guid(11cf1c4c36aedff47b6c74d8973e9b89) Importer(815301076,1909f56bfc062723c751e8b465ee728b)
Start importing Assets/Scripts/UI/Settings/AudioSettingsPanel.cs using Guid(11cf1c4c36aedff47b6c74d8973e9b89) Importer(815301076,1909f56bfc062723c751e8b465ee728b) (PreviewImporter) -> (artifact id: '9a5e3fdefa28f89c56b636dd138b4555') in 0.0015757 seconds
Number of updated asset objects reloaded before import = 0Number of asset objects unloaded after import = 0

========================================================================
Received Import Request.
  Time since last request: 37.082960 seconds.
  path: Assets/Scripts/UI/Pause
  artifactKey: Guid(82bc9bcbb3bc3db45accbbd2534193d4) Importer(815301076,1909f56bfc062723c751e8b465ee728b)
Start importing Assets/Scripts/UI/Pause using Guid(82bc9bcbb3bc3db45accbbd2534193d4) Importer(815301076,1909f56bfc062723c751e8b465ee728b) (PreviewImporter) -> (artifact id: 'ba13f835fe2c7c2a140aeb51cdb6dba5') in 0.0006515 seconds
Number of updated asset objects reloaded before import = 0Number of asset objects unloaded after import = 0

========================================================================
Received Import Request.
  Time since last request: 0.729110 seconds.
  path: Assets/Scripts/UI/Pause/PauseMenuController.cs
  artifactKey: Guid(ff65c4529c4f6454fa948db9b6fe6a7a) Importer(815301076,1909f56bfc062723c751e8b465ee728b)
Start importing Assets/Scripts/UI/Pause/PauseMenuController.cs using Guid(ff65c4529c4f6454fa948db9b6fe6a7a) Importer(815301076,1909f56bfc062723c751e8b465ee728b) (PreviewImporter) -> (artifact id: '88240e39a85ac9679c79a3f155810385') in 0.0046075 seconds
Number of updated asset objects reloaded before import = 0Number of asset objects unloaded after import = 0

========================================================================
Received Prepare
Begin MonoManager ReloadAssembly
[Licensing::Client] Successfully resolved entitlement details
- Loaded All Assemblies, in  0.939 seconds
Refreshing native plugins compatible for Editor in 0.60 ms, found 3 plugins.
Native extension for WindowsStandalone target not found
[Package Manager] Failed to launch server process. Reason: Unity was launched with the -noUpm command-line argument
[Package Manager] Unable to send message (not connected to server process).
[Package Manager] Cannot connect to Unity Package Manager local server
Mono: successfully reloaded assembly
- Finished resetting the current domain, in  0.829 seconds
Domain Reload Profiling: 1771ms
	BeginReloadAssembly (217ms)
		ExecutionOrderSort (0ms)
		DisableScriptedObjects (6ms)
		BackupInstance (0ms)
		ReleaseScriptingObjects (0ms)
		CreateAndSetChildDomain (46ms)
	RebuildCommonClasses (37ms)
	RebuildNativeTypeToScriptingClass (14ms)
	initialDomainReloadingComplete (25ms)
	LoadAllAssembliesAndSetupDomain (648ms)
		LoadAssemblies (563ms)
		RebuildTransferFunctionScriptingTraits (0ms)
		AnalyzeDomain (190ms)
			TypeCache.Refresh (6ms)
				TypeCache.ScanAssembly (0ms)
			BuildScriptInfoCaches (170ms)
			ResolveRequiredComponents (11ms)
	FinalizeReload (829ms)
		ReleaseScriptCaches (0ms)
		RebuildScriptCaches (0ms)
		SetupLoadedEditorAssemblies (676ms)
			LogAssemblyErrors (0ms)
			InitializePlatformSupportModulesInManaged (2ms)
			SetLoadedEditorAssemblies (6ms)
			BeforeProcessingInitializeOnLoad (213ms)
			ProcessInitializeOnLoadAttributes (399ms)
			ProcessInitializeOnLoadMethodAttributes (53ms)
			AfterProcessingInitializeOnLoad (3ms)
			EditorAssembliesLoaded (0ms)
		ExecutionOrderSort2 (0ms)
		AwakeInstancesAfterBackupRestoration (16ms)
Refreshing native plugins compatible for Editor in 0.71 ms, found 3 plugins.
Preloading 0 native plugins for Editor in 0.00 ms.
Unloading 13 Unused Serialized files (Serialized files now loaded: 0)
Unloading 6112 unused Assets / (4.3 MB). Loaded Objects now: 6888.
Memory consumption went from 152.0 MB to 147.7 MB.
Total: 7.961100 ms (FindLiveObjects: 0.775300 ms CreateObjectMapping: 0.351000 ms MarkObjects: 4.240400 ms  DeleteObjects: 2.593600 ms)

Prepare: number of updated asset objects reloaded= 0
========================================================================
Received Import Request.
  Time since last request: 213.939050 seconds.
  path: Assets/Scripts/UI/MainMenu
  artifactKey: Guid(9de179e33db7c3b46a695b96685c5f6f) Importer(815301076,1909f56bfc062723c751e8b465ee728b)
Start importing Assets/Scripts/UI/MainMenu using Guid(9de179e33db7c3b46a695b96685c5f6f) Importer(815301076,1909f56bfc062723c751e8b465ee728b) (PreviewImporter) -> (artifact id: 'ba7b455d0c19a2bcbfdbfd11de46ef01') in 0.0083071 seconds
Number of updated asset objects reloaded before import = 0Number of asset objects unloaded after import = 0

========================================================================
Received Import Request.
  Time since last request: 2.633088 seconds.
  path: Assets/Scripts/UI/MainMenu/SaveSlotSelectionController.cs
  artifactKey: Guid(47e4e820c219695479f0bf7cddd6c7b0) Importer(815301076,1909f56bfc062723c751e8b465ee728b)
Start importing Assets/Scripts/UI/MainMenu/SaveSlotSelectionController.cs using Guid(47e4e820c219695479f0bf7cddd6c7b0) Importer(815301076,1909f56bfc062723c751e8b465ee728b) (PreviewImporter) -> (artifact id: 'ad0d277720cff253d62c2300cba2d10a') in 0.0021257 seconds
Number of updated asset objects reloaded before import = 0Number of asset objects unloaded after import = 0

========================================================================
Received Import Request.
  Time since last request: 33.717949 seconds.
  path: Assets/Scripts/Save
  artifactKey: Guid(a66305f4f5ce44c41a4700d4403f448b) Importer(815301076,1909f56bfc062723c751e8b465ee728b)
Start importing Assets/Scripts/Save using Guid(a66305f4f5ce44c41a4700d4403f448b) Importer(815301076,1909f56bfc062723c751e8b465ee728b) (PreviewImporter) -> (artifact id: 'e27cc80ffd766c582ef48fb71a8b38cd') in 0.0005467 seconds
Number of updated asset objects reloaded before import = 0Number of asset objects unloaded after import = 0

========================================================================
Received Import Request.
  Time since last request: 0.823447 seconds.
  path: Assets/Scripts/Save/SaveSystem.cs
  artifactKey: Guid(18430e206e4292a409a09727f7b67906) Importer(815301076,1909f56bfc062723c751e8b465ee728b)
Start importing Assets/Scripts/Save/SaveSystem.cs using Guid(18430e206e4292a409a09727f7b67906) Importer(815301076,1909f56bfc062723c751e8b465ee728b) (PreviewImporter) -> (artifact id: 'f75bd91401a432979789eb3d6cebc61f') in 0.0020023 seconds
Number of updated asset objects reloaded before import = 0Number of asset objects unloaded after import = 0

========================================================================
Received Import Request.
  Time since last request: 127.902392 seconds.
  path: Assets/Scenes/MainMenu.unity
  artifactKey: Guid(99c9720ab356a0642a771bea13969a05) Importer(815301076,1909f56bfc062723c751e8b465ee728b)
Start importing Assets/Scenes/MainMenu.unity using Guid(99c9720ab356a0642a771bea13969a05) Importer(815301076,1909f56bfc062723c751e8b465ee728b) (PreviewImporter) -> (artifact id: '239b268412f1978382d983c155084a7d') in 0.0006424 seconds
Number of updated asset objects reloaded before import = 0Number of asset objects unloaded after import = 0

========================================================================
Received Import Request.
  Time since last request: 129.714074 seconds.
  path: Assets/Scripts/Core/GameSettings.cs
  artifactKey: Guid(ea82473b1d25abb4395b89295d87d193) Importer(2089858483,192608db42251d675da83286b1cce702)
Start importing Assets/Scripts/Core/GameSettings.cs using Guid(ea82473b1d25abb4395b89295d87d193) Importer(2089858483,192608db42251d675da83286b1cce702) (ScriptedImporter) -> (artifact id: 'f9e550ef44cb5e72c5adebf2245b9b69') in 0.1812861 seconds
Number of updated asset objects reloaded before import = 0Number of asset objects unloaded after import = 0

========================================================================
Received Import Request.
  Time since last request: 0.000018 seconds.
  path: Assets/Scenes/Tutorial Level 2.unity
  artifactKey: Guid(265aab8e9bce7c9469f01946c778002c) Importer(2089858483,192608db42251d675da83286b1cce702)
Start importing Assets/Scenes/Tutorial Level 2.unity using Guid(265aab8e9bce7c9469f01946c778002c) Importer(2089858483,192608db42251d675da83286b1cce702) (ScriptedImporter) -> (artifact id: '4ca910da98dc8282a2c534bcaece6d2a') in 0.0237993 seconds
Number of updated asset objects reloaded before import = 0Number of asset objects unloaded after import = 1

========================================================================
Received Import Request.
  Time since last request: 3.762192 seconds.
  path: Assets/Settings.uxml
  artifactKey: Guid(4a583889d3c6d0c4699208174b301068) Importer(815301076,1909f56bfc062723c751e8b465ee728b)
Start importing Assets/Settings.uxml using Guid(4a583889d3c6d0c4699208174b301068) Importer(815301076,1909f56bfc062723c751e8b465ee728b) (PreviewImporter) -> (artifact id: '4b5d4b50578a71970cfb649e6a1d145c') in 0.0183604 seconds
Number of updated asset objects reloaded before import = 0Number of asset objects unloaded after import = 2

========================================================================
Received Import Request.
  Time since last request: 0.603767 seconds.
  path: Assets/Settings.uxml
  artifactKey: Guid(4a583889d3c6d0c4699208174b301068) Importer(2089858483,192608db42251d675da83286b1cce702)
Start importing Assets/Settings.uxml using Guid(4a583889d3c6d0c4699208174b301068) Importer(2089858483,192608db42251d675da83286b1cce702) (ScriptedImporter) -> (artifact id: '69bb6a04a9bf9868a0433831db8fbe2e') in 0.0898012 seconds
Number of updated asset objects reloaded before import = 0Number of asset objects unloaded after import = 2

========================================================================
Received Import Request.
  Time since last request: 199.332661 seconds.
  path: Assets/Scripts/Gameplay
  artifactKey: Guid(6fe2b4bcea36b0645913c298268368a3) Importer(815301076,1909f56bfc062723c751e8b465ee728b)
Start importing Assets/Scripts/Gameplay using Guid(6fe2b4bcea36b0645913c298268368a3) Importer(815301076,1909f56bfc062723c751e8b465ee728b) (PreviewImporter) -> (artifact id: '57125170a577f689e9ea12a72d1830cf') in 0.000685 seconds
Number of updated asset objects reloaded before import = 0Number of asset objects unloaded after import = 0

========================================================================
Received Import Request.
  Time since last request: 131.937301 seconds.
  path: Assets/Scripts/Core/GameSettings.cs
  artifactKey: Guid(ea82473b1d25abb4395b89295d87d193) Importer(815301076,1909f56bfc062723c751e8b465ee728b)
Start importing Assets/Scripts/Core/GameSettings.cs using Guid(ea82473b1d25abb4395b89295d87d193) Importer(815301076,1909f56bfc062723c751e8b465ee728b) (PreviewImporter) -> (artifact id: 'f6426230621615c8ad02697a721b94e5') in 0.0005501 seconds
Number of updated asset objects reloaded before import = 0Number of asset objects unloaded after import = 0

========================================================================
Received Prepare
Begin MonoManager ReloadAssembly
[Licensing::Client] Successfully resolved entitlement details
- Loaded All Assemblies, in  0.744 seconds
Refreshing native plugins compatible for Editor in 0.62 ms, found 3 plugins.
Native extension for WindowsStandalone target not found
[Package Manager] Failed to launch server process. Reason: Unity was launched with the -noUpm command-line argument
[Package Manager] Unable to send message (not connected to server process).
[Package Manager] Cannot connect to Unity Package Manager local server
Mono: successfully reloaded assembly
- Finished resetting the current domain, in  0.909 seconds
Domain Reload Profiling: 1656ms
	BeginReloadAssembly (226ms)
		ExecutionOrderSort (0ms)
		DisableScriptedObjects (7ms)
		BackupInstance (0ms)
		ReleaseScriptingObjects (0ms)
		CreateAndSetChildDomain (58ms)
	RebuildCommonClasses (36ms)
	RebuildNativeTypeToScriptingClass (14ms)
	initialDomainReloadingComplete (25ms)
	LoadAllAssembliesAndSetupDomain (445ms)
		LoadAssemblies (360ms)
		RebuildTransferFunctionScriptingTraits (0ms)
		AnalyzeDomain (189ms)
			TypeCache.Refresh (9ms)
				TypeCache.ScanAssembly (1ms)
			BuildScriptInfoCaches (165ms)
			ResolveRequiredComponents (11ms)
	FinalizeReload (910ms)
		ReleaseScriptCaches (0ms)
		RebuildScriptCaches (0ms)
		SetupLoadedEditorAssemblies (738ms)
			LogAssemblyErrors (0ms)
			InitializePlatformSupportModulesInManaged (3ms)
			SetLoadedEditorAssemblies (7ms)
			BeforeProcessingInitializeOnLoad (217ms)
			ProcessInitializeOnLoadAttributes (442ms)
			ProcessInitializeOnLoadMethodAttributes (67ms)
			AfterProcessingInitializeOnLoad (3ms)
			EditorAssembliesLoaded (1ms)
		ExecutionOrderSort2 (0ms)
		AwakeInstancesAfterBackupRestoration (19ms)
Refreshing native plugins compatible for Editor in 0.76 ms, found 3 plugins.
Preloading 0 native plugins for Editor in 0.00 ms.
Unloading 13 Unused Serialized files (Serialized files now loaded: 0)
Unloading 6112 unused Assets / (4.2 MB). Loaded Objects now: 6891.
Memory consumption went from 152.0 MB to 147.8 MB.
Total: 7.592100 ms (FindLiveObjects: 0.760000 ms CreateObjectMapping: 0.373100 ms MarkObjects: 4.191000 ms  DeleteObjects: 2.266900 ms)

Prepare: number of updated asset objects reloaded= 0
========================================================================
Received Import Request.
  Time since last request: 198.865467 seconds.
  path: Assets/SettingsStyle.uss
  artifactKey: Guid(5085146f60c82d441936ee0408272a4a) Importer(815301076,1909f56bfc062723c751e8b465ee728b)
Start importing Assets/SettingsStyle.uss using Guid(5085146f60c82d441936ee0408272a4a) Importer(815301076,1909f56bfc062723c751e8b465ee728b) (PreviewImporter) -> (artifact id: 'a6bce7563cbf96c938def7d8170a23b6') in 0.0312662 seconds
Number of updated asset objects reloaded before import = 0Number of asset objects unloaded after import = 1

========================================================================
Received Import Request.
  Time since last request: 3.852591 seconds.
  path: Assets/Settings.uxml
  artifactKey: Guid(4a583889d3c6d0c4699208174b301068) Importer(815301076,1909f56bfc062723c751e8b465ee728b)
Start importing Assets/Settings.uxml using Guid(4a583889d3c6d0c4699208174b301068) Importer(815301076,1909f56bfc062723c751e8b465ee728b) (PreviewImporter) -> (artifact id: '8342b56e3dbf688d5d924c40314351ee') in 0.0032695 seconds
Number of updated asset objects reloaded before import = 0Number of asset objects unloaded after import = 3

========================================================================
Received Import Request.
  Time since last request: 2078.445743 seconds.
  path: Assets/Settings.uxml
  artifactKey: Guid(4a583889d3c6d0c4699208174b301068) Importer(815301076,1909f56bfc062723c751e8b465ee728b)
Start importing Assets/Settings.uxml using Guid(4a583889d3c6d0c4699208174b301068) Importer(815301076,1909f56bfc062723c751e8b465ee728b) (PreviewImporter) -> (artifact id: 'a99c05badffa24ce23e2302d23ada666') in 0.1086899 seconds
Number of updated asset objects reloaded before import = 0Number of asset objects unloaded after import = 3

========================================================================
Received Import Request.
  Time since last request: 27.236930 seconds.
  path: Assets/Scripts/Core/GameSettingsObject.cs
  artifactKey: Guid(ae5a0355ea213fb448fbe9af527cc2d3) Importer(2089858483,192608db42251d675da83286b1cce702)
Start importing Assets/Scripts/Core/GameSettingsObject.cs using Guid(ae5a0355ea213fb448fbe9af527cc2d3) Importer(2089858483,192608db42251d675da83286b1cce702) (ScriptedImporter) -> (artifact id: 'a8b2c3cc84ead0b552887944ebae0283') in 0.1954717 seconds
Number of updated asset objects reloaded before import = 0Number of asset objects unloaded after import = 0

========================================================================
Received Import Request.
  Time since last request: 0.000018 seconds.
  path: Assets/Settings.uxml
  artifactKey: Guid(4a583889d3c6d0c4699208174b301068) Importer(2089858483,192608db42251d675da83286b1cce702)
Start importing Assets/Settings.uxml using Guid(4a583889d3c6d0c4699208174b301068) Importer(2089858483,192608db42251d675da83286b1cce702) (ScriptedImporter) -> (artifact id: '72341cb582a41d727e423fe8af2fc45f') in 0.0468932 seconds
Number of updated asset objects reloaded before import = 0Number of asset objects unloaded after import = 3

========================================================================
Received Import Request.
  Time since last request: 1.227745 seconds.
  path: Assets/UI
  artifactKey: Guid(4513d86ee57065c49a02374e7acc2685) Importer(815301076,1909f56bfc062723c751e8b465ee728b)
Start importing Assets/UI using Guid(4513d86ee57065c49a02374e7acc2685) Importer(815301076,1909f56bfc062723c751e8b465ee728b) (PreviewImporter) -> (artifact id: '11c41204906877bce24393706c92f78c') in 0.0005541 seconds
Number of updated asset objects reloaded before import = 0Number of asset objects unloaded after import = 0

========================================================================
Received Import Request.
  Time since last request: 0.892066 seconds.
  path: Assets/UI
  artifactKey: Guid(4513d86ee57065c49a02374e7acc2685) Importer(2089858483,192608db42251d675da83286b1cce702)
Start importing Assets/UI using Guid(4513d86ee57065c49a02374e7acc2685) Importer(2089858483,192608db42251d675da83286b1cce702) (ScriptedImporter) -> (artifact id: '70ef7b1845a437fb8c288dc7e7684e6a') in 0.009182 seconds
Number of updated asset objects reloaded before import = 0Number of asset objects unloaded after import = 1

========================================================================
Received Import Request.
  Time since last request: 6.788770 seconds.
  path: Assets/UI/Settings
  artifactKey: Guid(95a0c9500cba4704690a4299931eff06) Importer(815301076,1909f56bfc062723c751e8b465ee728b)
Start importing Assets/UI/Settings using Guid(95a0c9500cba4704690a4299931eff06) Importer(815301076,1909f56bfc062723c751e8b465ee728b) (PreviewImporter) -> (artifact id: '5904e9bc36dabfa929dd8f87f654adc9') in 0.0005458 seconds
Number of updated asset objects reloaded before import = 0Number of asset objects unloaded after import = 0

========================================================================
Received Import Request.
  Time since last request: 0.889109 seconds.
  path: Assets/UI/Settings
  artifactKey: Guid(95a0c9500cba4704690a4299931eff06) Importer(2089858483,192608db42251d675da83286b1cce702)
Start importing Assets/UI/Settings using Guid(95a0c9500cba4704690a4299931eff06) Importer(2089858483,192608db42251d675da83286b1cce702) (ScriptedImporter) -> (artifact id: 'd820d08633d72da597239a78fafa891f') in 0.0092201 seconds
Number of updated asset objects reloaded before import = 0Number of asset objects unloaded after import = 1

========================================================================
Received Import Request.
  Time since last request: 7.084755 seconds.
  path: Assets/UI/Settings.uxml
  artifactKey: Guid(4a583889d3c6d0c4699208174b301068) Importer(815301076,1909f56bfc062723c751e8b465ee728b)
Start importing Assets/UI/Settings.uxml using Guid(4a583889d3c6d0c4699208174b301068) Importer(815301076,1909f56bfc062723c751e8b465ee728b) (PreviewImporter) -> (artifact id: '77e25c273545f92094e269bd3768285b') in 0.0016981 seconds
Number of updated asset objects reloaded before import = 0Number of asset objects unloaded after import = 3

========================================================================
Received Import Request.
  Time since last request: 0.094987 seconds.
  path: Assets/UI/Settings.uxml
  artifactKey: Guid(4a583889d3c6d0c4699208174b301068) Importer(2089858483,192608db42251d675da83286b1cce702)
Start importing Assets/UI/Settings.uxml using Guid(4a583889d3c6d0c4699208174b301068) Importer(2089858483,192608db42251d675da83286b1cce702) (ScriptedImporter) -> (artifact id: '82c90545fb2619c2f0c85c491d58f717') in 0.0162891 seconds
Number of updated asset objects reloaded before import = 0Number of asset objects unloaded after import = 3

========================================================================
Received Import Request.
  Time since last request: 2.749050 seconds.
  path: Assets/UI/Settings/Settings.uxml
  artifactKey: Guid(4a583889d3c6d0c4699208174b301068) Importer(2089858483,192608db42251d675da83286b1cce702)
Start importing Assets/UI/Settings/Settings.uxml using Guid(4a583889d3c6d0c4699208174b301068) Importer(2089858483,192608db42251d675da83286b1cce702) (ScriptedImporter) -> (artifact id: 'd37f8907b575d6c94c447271f23d5dd4') in 0.014639 seconds
Number of updated asset objects reloaded before import = 0Number of asset objects unloaded after import = 3

========================================================================
Received Import Request.
  Time since last request: 0.996264 seconds.
  path: Assets/UI/Settings/Settings.uxml
  artifactKey: Guid(4a583889d3c6d0c4699208174b301068) Importer(815301076,1909f56bfc062723c751e8b465ee728b)
Start importing Assets/UI/Settings/Settings.uxml using Guid(4a583889d3c6d0c4699208174b301068) Importer(815301076,1909f56bfc062723c751e8b465ee728b) (PreviewImporter) -> (artifact id: '2eec5e554009f36b133c6e5361d12680') in 0.0017216 seconds
Number of updated asset objects reloaded before import = 0Number of asset objects unloaded after import = 3

========================================================================
Received Import Request.
  Time since last request: 0.429597 seconds.
  path: Assets/UI/Settings/SettingsStyle.uss
  artifactKey: Guid(5085146f60c82d441936ee0408272a4a) Importer(2089858483,192608db42251d675da83286b1cce702)
Start importing Assets/UI/Settings/SettingsStyle.uss using Guid(5085146f60c82d441936ee0408272a4a) Importer(2089858483,192608db42251d675da83286b1cce702) (ScriptedImporter) -> (artifact id: '4ecb68e31320bb936fd3e69577c8d0dd') in 0.0188163 seconds
Number of updated asset objects reloaded before import = 0Number of asset objects unloaded after import = 1

========================================================================
Received Import Request.
  Time since last request: 25.495392 seconds.
  path: Assets/UI/Settings/BoolSetting.uxml
  artifactKey: Guid(0ea28699eb03a274bbe5568b28bafca9) Importer(815301076,1909f56bfc062723c751e8b465ee728b)
Start importing Assets/UI/Settings/BoolSetting.uxml using Guid(0ea28699eb03a274bbe5568b28bafca9) Importer(815301076,1909f56bfc062723c751e8b465ee728b) (PreviewImporter) -> (artifact id: '686803019d0dcee91da0cfc0f515d9c1') in 0.0013404 seconds
Number of updated asset objects reloaded before import = 0Number of asset objects unloaded after import = 2

========================================================================
Received Import Request.
  Time since last request: 0.547820 seconds.
  path: Assets/UI/Settings/BoolSetting.uxml
  artifactKey: Guid(0ea28699eb03a274bbe5568b28bafca9) Importer(2089858483,192608db42251d675da83286b1cce702)
Start importing Assets/UI/Settings/BoolSetting.uxml using Guid(0ea28699eb03a274bbe5568b28bafca9) Importer(2089858483,192608db42251d675da83286b1cce702) (ScriptedImporter) -> (artifact id: '323e4203aa850c208750ec2de9d54d4c') in 0.014578 seconds
Number of updated asset objects reloaded before import = 0Number of asset objects unloaded after import = 2

========================================================================
Received Import Request.
  Time since last request: 54.512428 seconds.
  path: Assets/UI/Settings/BoolSetting.uxml
  artifactKey: Guid(0ea28699eb03a274bbe5568b28bafca9) Importer(815301076,1909f56bfc062723c751e8b465ee728b)
Start importing Assets/UI/Settings/BoolSetting.uxml using Guid(0ea28699eb03a274bbe5568b28bafca9) Importer(815301076,1909f56bfc062723c751e8b465ee728b) (PreviewImporter) -> (artifact id: '1ad9ce1377166a424c2152daf33d1f28') in 0.001546 seconds
Number of updated asset objects reloaded before import = 0Number of asset objects unloaded after import = 2

========================================================================
Received Import Request.
  Time since last request: 0.840796 seconds.
  path: Assets/UI/Settings/BoolSetting.uxml
  artifactKey: Guid(0ea28699eb03a274bbe5568b28bafca9) Importer(2089858483,192608db42251d675da83286b1cce702)
Start importing Assets/UI/Settings/BoolSetting.uxml using Guid(0ea28699eb03a274bbe5568b28bafca9) Importer(2089858483,192608db42251d675da83286b1cce702) (ScriptedImporter) -> (artifact id: '439a1e079b5f2e411be2eb0711a431f9') in 0.0143071 seconds
Number of updated asset objects reloaded before import = 0Number of asset objects unloaded after import = 2

========================================================================
Received Import Request.
  Time since last request: 73.763356 seconds.
  path: Assets/UI/Settings/BoolSetting.uxml
  artifactKey: Guid(0ea28699eb03a274bbe5568b28bafca9) Importer(815301076,1909f56bfc062723c751e8b465ee728b)
Start importing Assets/UI/Settings/BoolSetting.uxml using Guid(0ea28699eb03a274bbe5568b28bafca9) Importer(815301076,1909f56bfc062723c751e8b465ee728b) (PreviewImporter) -> (artifact id: 'e90b3de0c0f46da41b0998deca8cb068') in 0.001504 seconds
Number of updated asset objects reloaded before import = 0Number of asset objects unloaded after import = 2

========================================================================
Received Import Request.
  Time since last request: 0.774753 seconds.
  path: Assets/UI/Settings/BoolSetting.uxml
  artifactKey: Guid(0ea28699eb03a274bbe5568b28bafca9) Importer(2089858483,192608db42251d675da83286b1cce702)
Start importing Assets/UI/Settings/BoolSetting.uxml using Guid(0ea28699eb03a274bbe5568b28bafca9) Importer(2089858483,192608db42251d675da83286b1cce702) (ScriptedImporter) -> (artifact id: '49ffd924a25b245e97c5056852afe265') in 0.0140994 seconds
Number of updated asset objects reloaded before import = 0Number of asset objects unloaded after import = 2

========================================================================
Received Import Request.
  Time since last request: 42.326450 seconds.
  path: Assets/UI/Settings/SettingsStyle.uss
  artifactKey: Guid(5085146f60c82d441936ee0408272a4a) Importer(815301076,1909f56bfc062723c751e8b465ee728b)
Start importing Assets/UI/Settings/SettingsStyle.uss using Guid(5085146f60c82d441936ee0408272a4a) Importer(815301076,1909f56bfc062723c751e8b465ee728b) (PreviewImporter) -> (artifact id: '752c612292f87f17c2360ebcfa51fa6f') in 0.0044844 seconds
Number of updated asset objects reloaded before import = 0Number of asset objects unloaded after import = 1

========================================================================
Received Import Request.
  Time since last request: 0.000015 seconds.
  path: Assets/UI/Settings/Settings.uxml
  artifactKey: Guid(4a583889d3c6d0c4699208174b301068) Importer(815301076,1909f56bfc062723c751e8b465ee728b)
Start importing Assets/UI/Settings/Settings.uxml using Guid(4a583889d3c6d0c4699208174b301068) Importer(815301076,1909f56bfc062723c751e8b465ee728b) (PreviewImporter) -> (artifact id: 'c17bce94fe15866647d8d64db660a154') in 0.0014585 seconds
Number of updated asset objects reloaded before import = 0Number of asset objects unloaded after import = 3

========================================================================
Received Import Request.
  Time since last request: 0.767165 seconds.
  path: Assets/UI/Settings/SettingsStyle.uss
  artifactKey: Guid(5085146f60c82d441936ee0408272a4a) Importer(2089858483,192608db42251d675da83286b1cce702)
Start importing Assets/UI/Settings/SettingsStyle.uss using Guid(5085146f60c82d441936ee0408272a4a) Importer(2089858483,192608db42251d675da83286b1cce702) (ScriptedImporter) -> (artifact id: '403010a81ebcc739244185b2f74eaa5c') in 0.0126798 seconds
Number of updated asset objects reloaded before import = 0Number of asset objects unloaded after import = 1

========================================================================
Received Import Request.
  Time since last request: 25.391350 seconds.
  path: Assets/UI/Settings/BoolSetting.uxml
  artifactKey: Guid(0ea28699eb03a274bbe5568b28bafca9) Importer(815301076,1909f56bfc062723c751e8b465ee728b)
Start importing Assets/UI/Settings/BoolSetting.uxml using Guid(0ea28699eb03a274bbe5568b28bafca9) Importer(815301076,1909f56bfc062723c751e8b465ee728b) (PreviewImporter) -> (artifact id: 'e69d0e39282a95edcf0b4de324efe652') in 0.0015873 seconds
Number of updated asset objects reloaded before import = 0Number of asset objects unloaded after import = 3

========================================================================
Received Import Request.
  Time since last request: 0.816098 seconds.
  path: Assets/UI/Settings/BoolSetting.uxml
  artifactKey: Guid(0ea28699eb03a274bbe5568b28bafca9) Importer(2089858483,192608db42251d675da83286b1cce702)
Start importing Assets/UI/Settings/BoolSetting.uxml using Guid(0ea28699eb03a274bbe5568b28bafca9) Importer(2089858483,192608db42251d675da83286b1cce702) (ScriptedImporter) -> (artifact id: 'b737d6992c837531c936c1969c3c18be') in 0.0142345 seconds
Number of updated asset objects reloaded before import = 0Number of asset objects unloaded after import = 3

========================================================================
Received Import Request.
  Time since last request: 44.933212 seconds.
  path: Assets/UI/Settings/SettingsStyle.uss
  artifactKey: Guid(5085146f60c82d441936ee0408272a4a) Importer(815301076,1909f56bfc062723c751e8b465ee728b)
Start importing Assets/UI/Settings/SettingsStyle.uss using Guid(5085146f60c82d441936ee0408272a4a) Importer(815301076,1909f56bfc062723c751e8b465ee728b) (PreviewImporter) -> (artifact id: 'f9a728344bf86b7ed471f02685e666cf') in 0.0011497 seconds
Number of updated asset objects reloaded before import = 0Number of asset objects unloaded after import = 1

========================================================================
Received Import Request.
  Time since last request: 0.000017 seconds.
  path: Assets/UI/Settings/BoolSetting.uxml
  artifactKey: Guid(0ea28699eb03a274bbe5568b28bafca9) Importer(815301076,1909f56bfc062723c751e8b465ee728b)
Start importing Assets/UI/Settings/BoolSetting.uxml using Guid(0ea28699eb03a274bbe5568b28bafca9) Importer(815301076,1909f56bfc062723c751e8b465ee728b) (PreviewImporter) -> (artifact id: '492be680a26933b4fc40658cb1a5b91e') in 0.0015249 seconds
Number of updated asset objects reloaded before import = 0Number of asset objects unloaded after import = 3

========================================================================
Received Import Request.
  Time since last request: 0.737941 seconds.
  path: Assets/UI/Settings/SettingsStyle.uss
  artifactKey: Guid(5085146f60c82d441936ee0408272a4a) Importer(2089858483,192608db42251d675da83286b1cce702)
Start importing Assets/UI/Settings/SettingsStyle.uss using Guid(5085146f60c82d441936ee0408272a4a) Importer(2089858483,192608db42251d675da83286b1cce702) (ScriptedImporter) -> (artifact id: '66f0284d235334a89498d623ae46660f') in 0.011943 seconds
Number of updated asset objects reloaded before import = 0Number of asset objects unloaded after import = 1

========================================================================
Received Import Request.
  Time since last request: 144.163867 seconds.
  path: Assets/UI/Settings/SettingsStyle.uss
  artifactKey: Guid(5085146f60c82d441936ee0408272a4a) Importer(815301076,1909f56bfc062723c751e8b465ee728b)
Start importing Assets/UI/Settings/SettingsStyle.uss using Guid(5085146f60c82d441936ee0408272a4a) Importer(815301076,1909f56bfc062723c751e8b465ee728b) (PreviewImporter) -> (artifact id: '3410b38c0a0b3740e192202ac522b905') in 0.0010842 seconds
Number of updated asset objects reloaded before import = 0Number of asset objects unloaded after import = 1

========================================================================
Received Import Request.
  Time since last request: 0.000015 seconds.
  path: Assets/UI/Settings/BoolSetting.uxml
  artifactKey: Guid(0ea28699eb03a274bbe5568b28bafca9) Importer(815301076,1909f56bfc062723c751e8b465ee728b)
Start importing Assets/UI/Settings/BoolSetting.uxml using Guid(0ea28699eb03a274bbe5568b28bafca9) Importer(815301076,1909f56bfc062723c751e8b465ee728b) (PreviewImporter) -> (artifact id: '0dfa922074798ea12b582509b78857b7') in 0.0014501 seconds
Number of updated asset objects reloaded before import = 0Number of asset objects unloaded after import = 3

========================================================================
Received Import Request.
  Time since last request: 0.169618 seconds.
  path: Assets/UI/Settings/SettingsStyle.uss
  artifactKey: Guid(5085146f60c82d441936ee0408272a4a) Importer(2089858483,192608db42251d675da83286b1cce702)
Start importing Assets/UI/Settings/SettingsStyle.uss using Guid(5085146f60c82d441936ee0408272a4a) Importer(2089858483,192608db42251d675da83286b1cce702) (ScriptedImporter) -> (artifact id: '49f7d60b86b67a4b79430bd61ca4ca02') in 0.0118859 seconds
Number of updated asset objects reloaded before import = 0Number of asset objects unloaded after import = 1

========================================================================
Received Import Request.
  Time since last request: 132.960792 seconds.
  path: Assets/UI/Settings/BoolSetting.uxml
  artifactKey: Guid(0ea28699eb03a274bbe5568b28bafca9) Importer(815301076,1909f56bfc062723c751e8b465ee728b)
Start importing Assets/UI/Settings/BoolSetting.uxml using Guid(0ea28699eb03a274bbe5568b28bafca9) Importer(815301076,1909f56bfc062723c751e8b465ee728b) (PreviewImporter) -> (artifact id: '346afd9a72d51d676621611c621ef42c') in 0.0017566 seconds
Number of updated asset objects reloaded before import = 0Number of asset objects unloaded after import = 3

========================================================================
Received Import Request.
  Time since last request: 0.875117 seconds.
  path: Assets/UI/Settings/BoolSetting.uxml
  artifactKey: Guid(0ea28699eb03a274bbe5568b28bafca9) Importer(2089858483,192608db42251d675da83286b1cce702)
Start importing Assets/UI/Settings/BoolSetting.uxml using Guid(0ea28699eb03a274bbe5568b28bafca9) Importer(2089858483,192608db42251d675da83286b1cce702) (ScriptedImporter) -> (artifact id: 'ad9c7404cbf517425d5ae668f9960f84') in 0.0145621 seconds
Number of updated asset objects reloaded before import = 0Number of asset objects unloaded after import = 3

========================================================================
Received Import Request.
  Time since last request: 14.676554 seconds.
  path: Assets/UI/Settings/Settings.uxml
  artifactKey: Guid(4a583889d3c6d0c4699208174b301068) Importer(815301076,1909f56bfc062723c751e8b465ee728b)
Start importing Assets/UI/Settings/Settings.uxml using Guid(4a583889d3c6d0c4699208174b301068) Importer(815301076,1909f56bfc062723c751e8b465ee728b) (PreviewImporter) -> (artifact id: 'cb507231be9190a1bd9eceec4d2dfb18') in 0.0017447 seconds
Number of updated asset objects reloaded before import = 0Number of asset objects unloaded after import = 3

========================================================================
Received Import Request.
  Time since last request: 0.000015 seconds.
  path: Assets/UI/Settings/BoolSetting.uxml
  artifactKey: Guid(0ea28699eb03a274bbe5568b28bafca9) Importer(815301076,1909f56bfc062723c751e8b465ee728b)
Start importing Assets/UI/Settings/BoolSetting.uxml using Guid(0ea28699eb03a274bbe5568b28bafca9) Importer(815301076,1909f56bfc062723c751e8b465ee728b) (PreviewImporter) -> (artifact id: '0e3777d59c3fdd3437ad21aedd9db523') in 0.00208 seconds
Number of updated asset objects reloaded before import = 0Number of asset objects unloaded after import = 3

========================================================================
Received Import Request.
  Time since last request: 0.744069 seconds.
  path: Assets/UI/Settings/SettingsStyle.uss
  artifactKey: Guid(5085146f60c82d441936ee0408272a4a) Importer(2089858483,192608db42251d675da83286b1cce702)
Start importing Assets/UI/Settings/SettingsStyle.uss using Guid(5085146f60c82d441936ee0408272a4a) Importer(2089858483,192608db42251d675da83286b1cce702) (ScriptedImporter) -> (artifact id: 'a895da0a07b040376723c1d448dc986a') in 0.0113395 seconds
Number of updated asset objects reloaded before import = 0Number of asset objects unloaded after import = 1

========================================================================
Received Import Request.
  Time since last request: 10.789964 seconds.
  path: Assets/UI/Settings/Settings.uxml
  artifactKey: Guid(4a583889d3c6d0c4699208174b301068) Importer(815301076,1909f56bfc062723c751e8b465ee728b)
Start importing Assets/UI/Settings/Settings.uxml using Guid(4a583889d3c6d0c4699208174b301068) Importer(815301076,1909f56bfc062723c751e8b465ee728b) (PreviewImporter) -> (artifact id: 'bb820a2b08ca74a9e1562fd08e685e11') in 0.0019766 seconds
Number of updated asset objects reloaded before import = 0Number of asset objects unloaded after import = 3

========================================================================
Received Import Request.
  Time since last request: 0.788451 seconds.
  path: Assets/UI/Settings/Settings.uxml
  artifactKey: Guid(4a583889d3c6d0c4699208174b301068) Importer(2089858483,192608db42251d675da83286b1cce702)
Start importing Assets/UI/Settings/Settings.uxml using Guid(4a583889d3c6d0c4699208174b301068) Importer(2089858483,192608db42251d675da83286b1cce702) (ScriptedImporter) -> (artifact id: 'a9ea15a58047a34f6ef437ad1d8d33b1') in 0.0160586 seconds
Number of updated asset objects reloaded before import = 0Number of asset objects unloaded after import = 3

========================================================================
Received Import Request.
  Time since last request: 31.389233 seconds.
  path: Assets/UI/Settings/Settings.uxml
  artifactKey: Guid(4a583889d3c6d0c4699208174b301068) Importer(815301076,1909f56bfc062723c751e8b465ee728b)
Start importing Assets/UI/Settings/Settings.uxml using Guid(4a583889d3c6d0c4699208174b301068) Importer(815301076,1909f56bfc062723c751e8b465ee728b) (PreviewImporter) -> (artifact id: 'aa970a6145214aadc2ec74265ade34bf') in 0.0018503 seconds
Number of updated asset objects reloaded before import = 0Number of asset objects unloaded after import = 3

========================================================================
Received Import Request.
  Time since last request: 0.788808 seconds.
  path: Assets/UI/Settings/Settings.uxml
  artifactKey: Guid(4a583889d3c6d0c4699208174b301068) Importer(2089858483,192608db42251d675da83286b1cce702)
Start importing Assets/UI/Settings/Settings.uxml using Guid(4a583889d3c6d0c4699208174b301068) Importer(2089858483,192608db42251d675da83286b1cce702) (ScriptedImporter) -> (artifact id: '3e6bfddb814e719754d91b36d61d8460') in 0.0312195 seconds
Number of updated asset objects reloaded before import = 0Number of asset objects unloaded after import = 3

========================================================================
Received Import Request.
  Time since last request: 419.525356 seconds.
  path: Assets/UI/Settings/BoolSetting.uxml
  artifactKey: Guid(0ea28699eb03a274bbe5568b28bafca9) Importer(815301076,1909f56bfc062723c751e8b465ee728b)
Start importing Assets/UI/Settings/BoolSetting.uxml using Guid(0ea28699eb03a274bbe5568b28bafca9) Importer(815301076,1909f56bfc062723c751e8b465ee728b) (PreviewImporter) -> (artifact id: '47d4a4b350003ec88e250dc42740775f') in 0.001984 seconds
Number of updated asset objects reloaded before import = 0Number of asset objects unloaded after import = 3

========================================================================
Received Import Request.
  Time since last request: 0.747323 seconds.
  path: Assets/UI/Settings/BoolSetting.uxml
  artifactKey: Guid(0ea28699eb03a274bbe5568b28bafca9) Importer(2089858483,192608db42251d675da83286b1cce702)
Start importing Assets/UI/Settings/BoolSetting.uxml using Guid(0ea28699eb03a274bbe5568b28bafca9) Importer(2089858483,192608db42251d675da83286b1cce702) (ScriptedImporter) -> (artifact id: '7027a737fdfaf5298e7fb9852f8f0610') in 0.0159845 seconds
Number of updated asset objects reloaded before import = 0Number of asset objects unloaded after import = 3

========================================================================
Received Import Request.
  Time since last request: 449.336878 seconds.
  path: Assets/UI/Settings/BoolSetting.uxml
  artifactKey: Guid(0ea28699eb03a274bbe5568b28bafca9) Importer(815301076,1909f56bfc062723c751e8b465ee728b)
Start importing Assets/UI/Settings/BoolSetting.uxml using Guid(0ea28699eb03a274bbe5568b28bafca9) Importer(815301076,1909f56bfc062723c751e8b465ee728b) (PreviewImporter) -> (artifact id: '62b30d295c01fc42ee723ceba091dc7d') in 0.0028784 seconds
Number of updated asset objects reloaded before import = 0Number of asset objects unloaded after import = 3

========================================================================
Received Import Request.
  Time since last request: 1.337806 seconds.
  path: Assets/UI/Settings/BoolSetting.uxml
  artifactKey: Guid(0ea28699eb03a274bbe5568b28bafca9) Importer(2089858483,192608db42251d675da83286b1cce702)
Start importing Assets/UI/Settings/BoolSetting.uxml using Guid(0ea28699eb03a274bbe5568b28bafca9) Importer(2089858483,192608db42251d675da83286b1cce702) (ScriptedImporter) -> (artifact id: '311c2e30a9315013cfc43d0fb23d901d') in 0.0329095 seconds
Number of updated asset objects reloaded before import = 0Number of asset objects unloaded after import = 3

========================================================================
Received Import Request.
  Time since last request: 81.334648 seconds.
  path: Assets/UI/Settings/Settings.uxml
  artifactKey: Guid(4a583889d3c6d0c4699208174b301068) Importer(815301076,1909f56bfc062723c751e8b465ee728b)
Start importing Assets/UI/Settings/Settings.uxml using Guid(4a583889d3c6d0c4699208174b301068) Importer(815301076,1909f56bfc062723c751e8b465ee728b) (PreviewImporter) -> (artifact id: 'bb1d230a70d1a0eb10b172386468981b') in 0.0025207 seconds
Number of updated asset objects reloaded before import = 0Number of asset objects unloaded after import = 5

========================================================================
Received Import Request.
  Time since last request: 0.800921 seconds.
  path: Assets/UI/Settings/Settings.uxml
  artifactKey: Guid(4a583889d3c6d0c4699208174b301068) Importer(2089858483,192608db42251d675da83286b1cce702)
Start importing Assets/UI/Settings/Settings.uxml using Guid(4a583889d3c6d0c4699208174b301068) Importer(2089858483,192608db42251d675da83286b1cce702) (ScriptedImporter) -> (artifact id: 'c67a3496fc9cf3cb77cfa2d34ec32e73') in 0.0158558 seconds
Number of updated asset objects reloaded before import = 0Number of asset objects unloaded after import = 5

========================================================================
Received Import Request.
  Time since last request: 48.322140 seconds.
  path: Assets/UI/Settings/BoolSetting.uxml
  artifactKey: Guid(0ea28699eb03a274bbe5568b28bafca9) Importer(815301076,1909f56bfc062723c751e8b465ee728b)
Start importing Assets/UI/Settings/BoolSetting.uxml using Guid(0ea28699eb03a274bbe5568b28bafca9) Importer(815301076,1909f56bfc062723c751e8b465ee728b) (PreviewImporter) -> (artifact id: 'd246f2058d0a1f8aa62cf56d7399374a') in 0.0016339 seconds
Number of updated asset objects reloaded before import = 0Number of asset objects unloaded after import = 3

========================================================================
Received Import Request.
  Time since last request: 0.710588 seconds.
  path: Assets/UI/Settings/BoolSetting.uxml
  artifactKey: Guid(0ea28699eb03a274bbe5568b28bafca9) Importer(2089858483,192608db42251d675da83286b1cce702)
Start importing Assets/UI/Settings/BoolSetting.uxml using Guid(0ea28699eb03a274bbe5568b28bafca9) Importer(2089858483,192608db42251d675da83286b1cce702) (ScriptedImporter) -> (artifact id: '68e00f8231ede86516e7928e14b0e3c1') in 0.0141209 seconds
Number of updated asset objects reloaded before import = 0Number of asset objects unloaded after import = 3

========================================================================
Received Import Request.
  Time since last request: 113.985833 seconds.
  path: Assets/UI/Settings/Settings.uxml
  artifactKey: Guid(4a583889d3c6d0c4699208174b301068) Importer(815301076,1909f56bfc062723c751e8b465ee728b)
Start importing Assets/UI/Settings/Settings.uxml using Guid(4a583889d3c6d0c4699208174b301068) Importer(815301076,1909f56bfc062723c751e8b465ee728b) (PreviewImporter) -> (artifact id: 'e0993d73ce506d364c78d9fb2a89db9e') in 0.0021626 seconds
Number of updated asset objects reloaded before import = 0Number of asset objects unloaded after import = 5

========================================================================
Received Import Request.
  Time since last request: 0.996338 seconds.
  path: Assets/UI/Settings/Settings.uxml
  artifactKey: Guid(4a583889d3c6d0c4699208174b301068) Importer(2089858483,192608db42251d675da83286b1cce702)
Start importing Assets/UI/Settings/Settings.uxml using Guid(4a583889d3c6d0c4699208174b301068) Importer(2089858483,192608db42251d675da83286b1cce702) (ScriptedImporter) -> (artifact id: 'f4f130b6068211dbdb5acca0b42a25f2') in 0.0177951 seconds
Number of updated asset objects reloaded before import = 0Number of asset objects unloaded after import = 5

========================================================================
Received Import Request.
  Time since last request: 56.672215 seconds.
  path: Assets/UI/Settings/BoolSetting 1.uxml
  artifactKey: Guid(9b0c431e719b7114883fc16fe7cf554d) Importer(815301076,1909f56bfc062723c751e8b465ee728b)
Start importing Assets/UI/Settings/BoolSetting 1.uxml using Guid(9b0c431e719b7114883fc16fe7cf554d) Importer(815301076,1909f56bfc062723c751e8b465ee728b) (PreviewImporter) -> (artifact id: '9850e081308d05631a0ec4a0e7673571') in 0.0019252 seconds
Number of updated asset objects reloaded before import = 0Number of asset objects unloaded after import = 3

========================================================================
Received Import Request.
  Time since last request: 0.704406 seconds.
  path: Assets/UI/Settings/BoolSetting 1.uxml
  artifactKey: Guid(9b0c431e719b7114883fc16fe7cf554d) Importer(2089858483,192608db42251d675da83286b1cce702)
Start importing Assets/UI/Settings/BoolSetting 1.uxml using Guid(9b0c431e719b7114883fc16fe7cf554d) Importer(2089858483,192608db42251d675da83286b1cce702) (ScriptedImporter) -> (artifact id: '936c32e2d0fa5e6ac7c47756d5fb5996') in 0.0175173 seconds
Number of updated asset objects reloaded before import = 0Number of asset objects unloaded after import = 3

========================================================================
Received Import Request.
  Time since last request: 10.716130 seconds.
  path: Assets/UI/Settings/RangeSetting.uxml
  artifactKey: Guid(9b0c431e719b7114883fc16fe7cf554d) Importer(815301076,1909f56bfc062723c751e8b465ee728b)
Start importing Assets/UI/Settings/RangeSetting.uxml using Guid(9b0c431e719b7114883fc16fe7cf554d) Importer(815301076,1909f56bfc062723c751e8b465ee728b) (PreviewImporter) -> (artifact id: '055b360573cfe7c9441a00e17346f9c0') in 0.0016791 seconds
Number of updated asset objects reloaded before import = 0Number of asset objects unloaded after import = 3

========================================================================
Received Import Request.
  Time since last request: 0.706797 seconds.
  path: Assets/UI/Settings/RangeSetting.uxml
  artifactKey: Guid(9b0c431e719b7114883fc16fe7cf554d) Importer(2089858483,192608db42251d675da83286b1cce702)
Start importing Assets/UI/Settings/RangeSetting.uxml using Guid(9b0c431e719b7114883fc16fe7cf554d) Importer(2089858483,192608db42251d675da83286b1cce702) (ScriptedImporter) -> (artifact id: '681b78f2446f7668143e29a71f6e38c5') in 0.0173754 seconds
Number of updated asset objects reloaded before import = 0Number of asset objects unloaded after import = 3

========================================================================
Received Import Request.
  Time since last request: 280.480285 seconds.
  path: Assets/UI/Settings/RangeSetting.uxml
  artifactKey: Guid(9b0c431e719b7114883fc16fe7cf554d) Importer(815301076,1909f56bfc062723c751e8b465ee728b)
Start importing Assets/UI/Settings/RangeSetting.uxml using Guid(9b0c431e719b7114883fc16fe7cf554d) Importer(815301076,1909f56bfc062723c751e8b465ee728b) (PreviewImporter) -> (artifact id: '97c0ca3bc11e6e5b827e1be7266fdf80') in 0.0019834 seconds
Number of updated asset objects reloaded before import = 0Number of asset objects unloaded after import = 3

========================================================================
Received Import Request.
  Time since last request: 0.000021 seconds.
  path: Assets/UI/Settings/BoolSetting.uxml
  artifactKey: Guid(0ea28699eb03a274bbe5568b28bafca9) Importer(815301076,1909f56bfc062723c751e8b465ee728b)
Start importing Assets/UI/Settings/BoolSetting.uxml using Guid(0ea28699eb03a274bbe5568b28bafca9) Importer(815301076,1909f56bfc062723c751e8b465ee728b) (PreviewImporter) -> (artifact id: 'af9cfc2ae33de44106bcf2fa36ab0487') in 0.0016152 seconds
Number of updated asset objects reloaded before import = 0Number of asset objects unloaded after import = 3

========================================================================
Received Import Request.
  Time since last request: 0.189518 seconds.
  path: Assets/UI/Settings/SettingsStyle.uss
  artifactKey: Guid(5085146f60c82d441936ee0408272a4a) Importer(2089858483,192608db42251d675da83286b1cce702)
Start importing Assets/UI/Settings/SettingsStyle.uss using Guid(5085146f60c82d441936ee0408272a4a) Importer(2089858483,192608db42251d675da83286b1cce702) (ScriptedImporter) -> (artifact id: '00c0a05f3e445417a05185bc13b4bc04') in 0.012004 seconds
Number of updated asset objects reloaded before import = 0Number of asset objects unloaded after import = 1

========================================================================
Received Import Request.
  Time since last request: 5.744196 seconds.
  path: Assets/UI/Settings/BoolSetting 1.uxml
  artifactKey: Guid(9b0c431e719b7114883fc16fe7cf554d) Importer(815301076,1909f56bfc062723c751e8b465ee728b)
Start importing Assets/UI/Settings/BoolSetting 1.uxml using Guid(9b0c431e719b7114883fc16fe7cf554d) Importer(815301076,1909f56bfc062723c751e8b465ee728b) (PreviewImporter) -> (artifact id: '6990c4a42e4356f3b387eace0b9577b5') in 0.0015924 seconds
Number of updated asset objects reloaded before import = 0Number of asset objects unloaded after import = 3

========================================================================
Received Import Request.
  Time since last request: 104.892438 seconds.
  path: Assets/UI/Settings/RangeSetting.uxml
  artifactKey: Guid(9b0c431e719b7114883fc16fe7cf554d) Importer(815301076,1909f56bfc062723c751e8b465ee728b)
Start importing Assets/UI/Settings/RangeSetting.uxml using Guid(9b0c431e719b7114883fc16fe7cf554d) Importer(815301076,1909f56bfc062723c751e8b465ee728b) (PreviewImporter) -> (artifact id: 'c5b9afcfdeab428df5ceb9847f7a2b4b') in 0.0087702 seconds
Number of updated asset objects reloaded before import = 0Number of asset objects unloaded after import = 3

========================================================================
Received Import Request.
  Time since last request: 0.000017 seconds.
  path: Assets/UI/Settings/BoolSetting.uxml
  artifactKey: Guid(0ea28699eb03a274bbe5568b28bafca9) Importer(815301076,1909f56bfc062723c751e8b465ee728b)
Start importing Assets/UI/Settings/BoolSetting.uxml using Guid(0ea28699eb03a274bbe5568b28bafca9) Importer(815301076,1909f56bfc062723c751e8b465ee728b) (PreviewImporter) -> (artifact id: '35eb224270d7eeca0d9c9d40afd61306') in 0.0015588 seconds
Number of updated asset objects reloaded before import = 0Number of asset objects unloaded after import = 3

========================================================================
Received Import Request.
  Time since last request: 0.170653 seconds.
  path: Assets/UI/Settings/SettingsStyle.uss
  artifactKey: Guid(5085146f60c82d441936ee0408272a4a) Importer(2089858483,192608db42251d675da83286b1cce702)
Start importing Assets/UI/Settings/SettingsStyle.uss using Guid(5085146f60c82d441936ee0408272a4a) Importer(2089858483,192608db42251d675da83286b1cce702) (ScriptedImporter) -> (artifact id: '4e78edf5d8dee5cdafeb68e8bcacd99d') in 0.0127645 seconds
Number of updated asset objects reloaded before import = 0Number of asset objects unloaded after import = 1

========================================================================
Received Import Request.
  Time since last request: 3.326927 seconds.
  path: Assets/UI/Settings/RangeSetting.uxml
  artifactKey: Guid(9b0c431e719b7114883fc16fe7cf554d) Importer(815301076,1909f56bfc062723c751e8b465ee728b)
Start importing Assets/UI/Settings/RangeSetting.uxml using Guid(9b0c431e719b7114883fc16fe7cf554d) Importer(815301076,1909f56bfc062723c751e8b465ee728b) (PreviewImporter) -> (artifact id: '78e6381792fef2c2e19ece4deff3ee71') in 0.0029187 seconds
Number of updated asset objects reloaded before import = 0Number of asset objects unloaded after import = 3

========================================================================
Received Import Request.
  Time since last request: 0.000019 seconds.
  path: Assets/UI/Settings/BoolSetting.uxml
  artifactKey: Guid(0ea28699eb03a274bbe5568b28bafca9) Importer(815301076,1909f56bfc062723c751e8b465ee728b)
Start importing Assets/UI/Settings/BoolSetting.uxml using Guid(0ea28699eb03a274bbe5568b28bafca9) Importer(815301076,1909f56bfc062723c751e8b465ee728b) (PreviewImporter) -> (artifact id: '5e27e337ac63cffb7aa0620c439f9c85') in 0.0015445 seconds
Number of updated asset objects reloaded before import = 0Number of asset objects unloaded after import = 3

========================================================================
Received Import Request.
  Time since last request: 0.761853 seconds.
  path: Assets/UI/Settings/SettingsStyle.uss
  artifactKey: Guid(5085146f60c82d441936ee0408272a4a) Importer(2089858483,192608db42251d675da83286b1cce702)
Start importing Assets/UI/Settings/SettingsStyle.uss using Guid(5085146f60c82d441936ee0408272a4a) Importer(2089858483,192608db42251d675da83286b1cce702) (ScriptedImporter) -> (artifact id: '5d002dd7b97c69c066127446e2af4a61') in 0.0116242 seconds
Number of updated asset objects reloaded before import = 0Number of asset objects unloaded after import = 1

========================================================================
Received Import Request.
  Time since last request: 3.101600 seconds.
  path: Assets/UI/Settings/RangeSetting.uxml
  artifactKey: Guid(9b0c431e719b7114883fc16fe7cf554d) Importer(815301076,1909f56bfc062723c751e8b465ee728b)
Start importing Assets/UI/Settings/RangeSetting.uxml using Guid(9b0c431e719b7114883fc16fe7cf554d) Importer(815301076,1909f56bfc062723c751e8b465ee728b) (PreviewImporter) -> (artifact id: 'ea09ed26600118b649cd079aadd4c35b') in 0.0016176 seconds
Number of updated asset objects reloaded before import = 0Number of asset objects unloaded after import = 3

========================================================================
Received Import Request.
  Time since last request: 0.000016 seconds.
  path: Assets/UI/Settings/BoolSetting.uxml
  artifactKey: Guid(0ea28699eb03a274bbe5568b28bafca9) Importer(815301076,1909f56bfc062723c751e8b465ee728b)
Start importing Assets/UI/Settings/BoolSetting.uxml using Guid(0ea28699eb03a274bbe5568b28bafca9) Importer(815301076,1909f56bfc062723c751e8b465ee728b) (PreviewImporter) -> (artifact id: 'c41bf31dca8ebc589cdf16e1e46bacb0') in 0.0015342 seconds
Number of updated asset objects reloaded before import = 0Number of asset objects unloaded after import = 3

========================================================================
Received Import Request.
  Time since last request: 0.765930 seconds.
  path: Assets/UI/Settings/SettingsStyle.uss
  artifactKey: Guid(5085146f60c82d441936ee0408272a4a) Importer(2089858483,192608db42251d675da83286b1cce702)
Start importing Assets/UI/Settings/SettingsStyle.uss using Guid(5085146f60c82d441936ee0408272a4a) Importer(2089858483,192608db42251d675da83286b1cce702) (ScriptedImporter) -> (artifact id: 'bc718c0128169248f769939244e6374c') in 0.012476 seconds
Number of updated asset objects reloaded before import = 0Number of asset objects unloaded after import = 1

========================================================================
Received Import Request.
  Time since last request: 489.229167 seconds.
  path: Assets/UI/Settings/RangeSetting.uxml
  artifactKey: Guid(9b0c431e719b7114883fc16fe7cf554d) Importer(815301076,1909f56bfc062723c751e8b465ee728b)
Start importing Assets/UI/Settings/RangeSetting.uxml using Guid(9b0c431e719b7114883fc16fe7cf554d) Importer(815301076,1909f56bfc062723c751e8b465ee728b) (PreviewImporter) -> (artifact id: '841c03a10a4c0b3dbf66acef91acc56a') in 0.0178855 seconds
Number of updated asset objects reloaded before import = 0Number of asset objects unloaded after import = 3

========================================================================
Received Import Request.
  Time since last request: 0.000021 seconds.
  path: Assets/UI/Settings/RangeSetting.uxml
  artifactKey: Guid(9b0c431e719b7114883fc16fe7cf554d) Importer(2089858483,192608db42251d675da83286b1cce702)
Start importing Assets/UI/Settings/RangeSetting.uxml using Guid(9b0c431e719b7114883fc16fe7cf554d) Importer(2089858483,192608db42251d675da83286b1cce702) (ScriptedImporter) -> (artifact id: '968aff50fe909e4f9fe75b880a678e9f') in 0.0426242 seconds
Number of updated asset objects reloaded before import = 0Number of asset objects unloaded after import = 3

========================================================================
Received Import Request.
  Time since last request: 14.147992 seconds.
  path: Assets/UI/Settings/RangeSetting.uxml
  artifactKey: Guid(9b0c431e719b7114883fc16fe7cf554d) Importer(815301076,1909f56bfc062723c751e8b465ee728b)
Start importing Assets/UI/Settings/RangeSetting.uxml using Guid(9b0c431e719b7114883fc16fe7cf554d) Importer(815301076,1909f56bfc062723c751e8b465ee728b) (PreviewImporter) -> (artifact id: 'f42e1395313e4205981c367426e0610a') in 0.0024114 seconds
Number of updated asset objects reloaded before import = 0Number of asset objects unloaded after import = 3

========================================================================
Received Import Request.
  Time since last request: 0.000015 seconds.
  path: Assets/UI/Settings/SettingsStyle.uss
  artifactKey: Guid(5085146f60c82d441936ee0408272a4a) Importer(815301076,1909f56bfc062723c751e8b465ee728b)
Start importing Assets/UI/Settings/SettingsStyle.uss using Guid(5085146f60c82d441936ee0408272a4a) Importer(815301076,1909f56bfc062723c751e8b465ee728b) (PreviewImporter) -> (artifact id: 'c2dd037f217e27d6a8d5448a5401e756') in 0.0010203 seconds
Number of updated asset objects reloaded before import = 0Number of asset objects unloaded after import = 1

========================================================================
Received Import Request.
  Time since last request: 0.714010 seconds.
  path: Assets/UI/Settings/SettingsStyle.uss
  artifactKey: Guid(5085146f60c82d441936ee0408272a4a) Importer(2089858483,192608db42251d675da83286b1cce702)
Start importing Assets/UI/Settings/SettingsStyle.uss using Guid(5085146f60c82d441936ee0408272a4a) Importer(2089858483,192608db42251d675da83286b1cce702) (ScriptedImporter) -> (artifact id: 'c47667bacabe69ed227d70f8264e4980') in 0.0157824 seconds
Number of updated asset objects reloaded before import = 0Number of asset objects unloaded after import = 1

========================================================================
Received Import Request.
  Time since last request: 22.920921 seconds.
  path: Assets/UI/Settings/RangeSetting.uxml
  artifactKey: Guid(9b0c431e719b7114883fc16fe7cf554d) Importer(815301076,1909f56bfc062723c751e8b465ee728b)
Start importing Assets/UI/Settings/RangeSetting.uxml using Guid(9b0c431e719b7114883fc16fe7cf554d) Importer(815301076,1909f56bfc062723c751e8b465ee728b) (PreviewImporter) -> (artifact id: '77b54b742f1b5d71f62db12036a8fa31') in 0.0017445 seconds
Number of updated asset objects reloaded before import = 0Number of asset objects unloaded after import = 3

========================================================================
Received Import Request.
  Time since last request: 0.000019 seconds.
  path: Assets/UI/Settings/BoolSetting.uxml
  artifactKey: Guid(0ea28699eb03a274bbe5568b28bafca9) Importer(815301076,1909f56bfc062723c751e8b465ee728b)
Start importing Assets/UI/Settings/BoolSetting.uxml using Guid(0ea28699eb03a274bbe5568b28bafca9) Importer(815301076,1909f56bfc062723c751e8b465ee728b) (PreviewImporter) -> (artifact id: 'f5bc6667a6ff044b55ea6ab298579eaf') in 0.0016038 seconds
Number of updated asset objects reloaded before import = 0Number of asset objects unloaded after import = 3

========================================================================
Received Import Request.
  Time since last request: 0.719003 seconds.
  path: Assets/UI/Settings/SettingsStyle.uss
  artifactKey: Guid(5085146f60c82d441936ee0408272a4a) Importer(2089858483,192608db42251d675da83286b1cce702)
Start importing Assets/UI/Settings/SettingsStyle.uss using Guid(5085146f60c82d441936ee0408272a4a) Importer(2089858483,192608db42251d675da83286b1cce702) (ScriptedImporter) -> (artifact id: 'eef92ac2c9f87cd15ebe66e9ab8d69b1') in 0.0122585 seconds
Number of updated asset objects reloaded before import = 0Number of asset objects unloaded after import = 1

========================================================================
Received Import Request.
  Time since last request: 106.934218 seconds.
  path: Assets/UI/Settings/RangeSetting.uxml
  artifactKey: Guid(9b0c431e719b7114883fc16fe7cf554d) Importer(815301076,1909f56bfc062723c751e8b465ee728b)
Start importing Assets/UI/Settings/RangeSetting.uxml using Guid(9b0c431e719b7114883fc16fe7cf554d) Importer(815301076,1909f56bfc062723c751e8b465ee728b) (PreviewImporter) -> (artifact id: 'dcc679e3cec9a6649e2c23315d155621') in 0.0017001 seconds
Number of updated asset objects reloaded before import = 0Number of asset objects unloaded after import = 3

========================================================================
Received Import Request.
  Time since last request: 0.000016 seconds.
  path: Assets/UI/Settings/SettingsStyle.uss
  artifactKey: Guid(5085146f60c82d441936ee0408272a4a) Importer(815301076,1909f56bfc062723c751e8b465ee728b)
Start importing Assets/UI/Settings/SettingsStyle.uss using Guid(5085146f60c82d441936ee0408272a4a) Importer(815301076,1909f56bfc062723c751e8b465ee728b) (PreviewImporter) -> (artifact id: '1af2ee7a726cdcaa807fec9f1729ecae') in 0.001113 seconds
Number of updated asset objects reloaded before import = 0Number of asset objects unloaded after import = 1

========================================================================
Received Import Request.
  Time since last request: 0.715370 seconds.
  path: Assets/UI/Settings/SettingsStyle.uss
  artifactKey: Guid(5085146f60c82d441936ee0408272a4a) Importer(2089858483,192608db42251d675da83286b1cce702)
Start importing Assets/UI/Settings/SettingsStyle.uss using Guid(5085146f60c82d441936ee0408272a4a) Importer(2089858483,192608db42251d675da83286b1cce702) (ScriptedImporter) -> (artifact id: 'f11290a38b7d465f89ab3a8041134f0e') in 0.033679 seconds
Number of updated asset objects reloaded before import = 0Number of asset objects unloaded after import = 1

========================================================================
Received Import Request.
  Time since last request: 8.671972 seconds.
  path: Assets/UI/Settings/RangeSetting.uxml
  artifactKey: Guid(9b0c431e719b7114883fc16fe7cf554d) Importer(815301076,1909f56bfc062723c751e8b465ee728b)
Start importing Assets/UI/Settings/RangeSetting.uxml using Guid(9b0c431e719b7114883fc16fe7cf554d) Importer(815301076,1909f56bfc062723c751e8b465ee728b) (PreviewImporter) -> (artifact id: '149d36354258fd5896bed6d0e2acc078') in 0.0024803 seconds
Number of updated asset objects reloaded before import = 0Number of asset objects unloaded after import = 3

========================================================================
Received Import Request.
  Time since last request: 0.000017 seconds.
  path: Assets/UI/Settings/SettingsStyle.uss
  artifactKey: Guid(5085146f60c82d441936ee0408272a4a) Importer(815301076,1909f56bfc062723c751e8b465ee728b)
Start importing Assets/UI/Settings/SettingsStyle.uss using Guid(5085146f60c82d441936ee0408272a4a) Importer(815301076,1909f56bfc062723c751e8b465ee728b) (PreviewImporter) -> (artifact id: 'da2c306d1ef4597cc96f3cf26d25a45f') in 0.0010217 seconds
Number of updated asset objects reloaded before import = 0Number of asset objects unloaded after import = 1

========================================================================
Received Import Request.
  Time since last request: 0.705759 seconds.
  path: Assets/UI/Settings/SettingsStyle.uss
  artifactKey: Guid(5085146f60c82d441936ee0408272a4a) Importer(2089858483,192608db42251d675da83286b1cce702)
Start importing Assets/UI/Settings/SettingsStyle.uss using Guid(5085146f60c82d441936ee0408272a4a) Importer(2089858483,192608db42251d675da83286b1cce702) (ScriptedImporter) -> (artifact id: '1de9f2f4ae391efa063bd21bf7e67976') in 0.0168579 seconds
Number of updated asset objects reloaded before import = 0Number of asset objects unloaded after import = 1

========================================================================
Received Import Request.
  Time since last request: 17.075744 seconds.
  path: Assets/UI/Settings/RangeSetting.uxml
  artifactKey: Guid(9b0c431e719b7114883fc16fe7cf554d) Importer(815301076,1909f56bfc062723c751e8b465ee728b)
Start importing Assets/UI/Settings/RangeSetting.uxml using Guid(9b0c431e719b7114883fc16fe7cf554d) Importer(815301076,1909f56bfc062723c751e8b465ee728b) (PreviewImporter) -> (artifact id: '39530f7e7738a1cd63f765dc8ba4860c') in 0.0130579 seconds
Number of updated asset objects reloaded before import = 0Number of asset objects unloaded after import = 3

========================================================================
Received Import Request.
  Time since last request: 0.000017 seconds.
  path: Assets/UI/Settings/Settings.uxml
  artifactKey: Guid(4a583889d3c6d0c4699208174b301068) Importer(815301076,1909f56bfc062723c751e8b465ee728b)
Start importing Assets/UI/Settings/Settings.uxml using Guid(4a583889d3c6d0c4699208174b301068) Importer(815301076,1909f56bfc062723c751e8b465ee728b) (PreviewImporter) -> (artifact id: 'fc73e81b7b4ef7c2ec0565a6728dc74b') in 0.0025185 seconds
Number of updated asset objects reloaded before import = 0Number of asset objects unloaded after import = 5

========================================================================
Received Import Request.
  Time since last request: 0.712988 seconds.
  path: Assets/UI/Settings/SettingsStyle.uss
  artifactKey: Guid(5085146f60c82d441936ee0408272a4a) Importer(2089858483,192608db42251d675da83286b1cce702)
Start importing Assets/UI/Settings/SettingsStyle.uss using Guid(5085146f60c82d441936ee0408272a4a) Importer(2089858483,192608db42251d675da83286b1cce702) (ScriptedImporter) -> (artifact id: 'b0016047754f2c169b7f02833a20d1a4') in 0.0133553 seconds
Number of updated asset objects reloaded before import = 0Number of asset objects unloaded after import = 1

========================================================================
Received Import Request.
  Time since last request: 43.191221 seconds.
  path: Assets/UI/Settings/RangeSetting.uxml
  artifactKey: Guid(9b0c431e719b7114883fc16fe7cf554d) Importer(815301076,1909f56bfc062723c751e8b465ee728b)
Start importing Assets/UI/Settings/RangeSetting.uxml using Guid(9b0c431e719b7114883fc16fe7cf554d) Importer(815301076,1909f56bfc062723c751e8b465ee728b) (PreviewImporter) -> (artifact id: '3520b995213ccdf77bae2a536924fe83') in 0.001663 seconds
Number of updated asset objects reloaded before import = 0Number of asset objects unloaded after import = 3

========================================================================
Received Import Request.
  Time since last request: 0.000017 seconds.
  path: Assets/UI/Settings/BoolSetting.uxml
  artifactKey: Guid(0ea28699eb03a274bbe5568b28bafca9) Importer(815301076,1909f56bfc062723c751e8b465ee728b)
Start importing Assets/UI/Settings/BoolSetting.uxml using Guid(0ea28699eb03a274bbe5568b28bafca9) Importer(815301076,1909f56bfc062723c751e8b465ee728b) (PreviewImporter) -> (artifact id: 'a8a8b17f133a125c2252c75220ae6eca') in 0.0016296 seconds
Number of updated asset objects reloaded before import = 0Number of asset objects unloaded after import = 3

========================================================================
Received Import Request.
  Time since last request: 0.746069 seconds.
  path: Assets/UI/Settings/SettingsStyle.uss
  artifactKey: Guid(5085146f60c82d441936ee0408272a4a) Importer(2089858483,192608db42251d675da83286b1cce702)
Start importing Assets/UI/Settings/SettingsStyle.uss using Guid(5085146f60c82d441936ee0408272a4a) Importer(2089858483,192608db42251d675da83286b1cce702) (ScriptedImporter) -> (artifact id: 'dac70cbe85b15ec05f5b0e28c05e2ecb') in 0.0125365 seconds
Number of updated asset objects reloaded before import = 0Number of asset objects unloaded after import = 1

========================================================================
Received Import Request.
  Time since last request: 35.802876 seconds.
  path: Assets/UI/Settings/RangeSetting.uxml
  artifactKey: Guid(9b0c431e719b7114883fc16fe7cf554d) Importer(815301076,1909f56bfc062723c751e8b465ee728b)
Start importing Assets/UI/Settings/RangeSetting.uxml using Guid(9b0c431e719b7114883fc16fe7cf554d) Importer(815301076,1909f56bfc062723c751e8b465ee728b) (PreviewImporter) -> (artifact id: 'c5b55e421684e710def5450cb34abfd1') in 0.0027042 seconds
Number of updated asset objects reloaded before import = 0Number of asset objects unloaded after import = 3

========================================================================
Received Import Request.
  Time since last request: 0.000016 seconds.
  path: Assets/UI/Settings/BoolSetting.uxml
  artifactKey: Guid(0ea28699eb03a274bbe5568b28bafca9) Importer(815301076,1909f56bfc062723c751e8b465ee728b)
Start importing Assets/UI/Settings/BoolSetting.uxml using Guid(0ea28699eb03a274bbe5568b28bafca9) Importer(815301076,1909f56bfc062723c751e8b465ee728b) (PreviewImporter) -> (artifact id: 'b9335926016fdb56b08aad0f8ddc8554') in 0.0022097 seconds
Number of updated asset objects reloaded before import = 0Number of asset objects unloaded after import = 3

========================================================================
Received Import Request.
  Time since last request: 0.727432 seconds.
  path: Assets/UI/Settings/SettingsStyle.uss
  artifactKey: Guid(5085146f60c82d441936ee0408272a4a) Importer(2089858483,192608db42251d675da83286b1cce702)
Start importing Assets/UI/Settings/SettingsStyle.uss using Guid(5085146f60c82d441936ee0408272a4a) Importer(2089858483,192608db42251d675da83286b1cce702) (ScriptedImporter) -> (artifact id: 'f420825e3e0c23e1862d48a6b3dd6bf0') in 0.0150341 seconds
Number of updated asset objects reloaded before import = 0Number of asset objects unloaded after import = 1

========================================================================
Received Import Request.
  Time since last request: 33.841640 seconds.
  path: Assets/UI/Settings/RangeSetting.uxml
  artifactKey: Guid(9b0c431e719b7114883fc16fe7cf554d) Importer(815301076,1909f56bfc062723c751e8b465ee728b)
Start importing Assets/UI/Settings/RangeSetting.uxml using Guid(9b0c431e719b7114883fc16fe7cf554d) Importer(815301076,1909f56bfc062723c751e8b465ee728b) (PreviewImporter) -> (artifact id: 'b364227bb28e21a4eb7675a7f1cd3027') in 0.0024125 seconds
Number of updated asset objects reloaded before import = 0Number of asset objects unloaded after import = 3

========================================================================
Received Import Request.
  Time since last request: 0.000016 seconds.
  path: Assets/UI/Settings/SettingsStyle.uss
  artifactKey: Guid(5085146f60c82d441936ee0408272a4a) Importer(815301076,1909f56bfc062723c751e8b465ee728b)
Start importing Assets/UI/Settings/SettingsStyle.uss using Guid(5085146f60c82d441936ee0408272a4a) Importer(815301076,1909f56bfc062723c751e8b465ee728b) (PreviewImporter) -> (artifact id: '831283583b46cca24639a361330896c7') in 0.0010135 seconds
Number of updated asset objects reloaded before import = 0Number of asset objects unloaded after import = 1

========================================================================
Received Import Request.
  Time since last request: 0.187991 seconds.
  path: Assets/UI/Settings/SettingsStyle.uss
  artifactKey: Guid(5085146f60c82d441936ee0408272a4a) Importer(2089858483,192608db42251d675da83286b1cce702)
Start importing Assets/UI/Settings/SettingsStyle.uss using Guid(5085146f60c82d441936ee0408272a4a) Importer(2089858483,192608db42251d675da83286b1cce702) (ScriptedImporter) -> (artifact id: '45756acad46d925d0a201811724df274') in 0.0148102 seconds
Number of updated asset objects reloaded before import = 0Number of asset objects unloaded after import = 1

========================================================================
Received Import Request.
  Time since last request: 63.598736 seconds.
  path: Assets/UI/Settings/RangeSetting.uxml
  artifactKey: Guid(9b0c431e719b7114883fc16fe7cf554d) Importer(815301076,1909f56bfc062723c751e8b465ee728b)
Start importing Assets/UI/Settings/RangeSetting.uxml using Guid(9b0c431e719b7114883fc16fe7cf554d) Importer(815301076,1909f56bfc062723c751e8b465ee728b) (PreviewImporter) -> (artifact id: '7a897901ac8bb671edb37191ab73fd8f') in 0.0025451 seconds
Number of updated asset objects reloaded before import = 0Number of asset objects unloaded after import = 3

========================================================================
Received Import Request.
  Time since last request: 0.000016 seconds.
  path: Assets/UI/Settings/BoolSetting.uxml
  artifactKey: Guid(0ea28699eb03a274bbe5568b28bafca9) Importer(815301076,1909f56bfc062723c751e8b465ee728b)
Start importing Assets/UI/Settings/BoolSetting.uxml using Guid(0ea28699eb03a274bbe5568b28bafca9) Importer(815301076,1909f56bfc062723c751e8b465ee728b) (PreviewImporter) -> (artifact id: 'b76b5dde126bb48b408d0f5a89f75ee3') in 0.0015696 seconds
Number of updated asset objects reloaded before import = 0Number of asset objects unloaded after import = 3

========================================================================
Received Import Request.
  Time since last request: 0.702467 seconds.
  path: Assets/UI/Settings/SettingsStyle.uss
  artifactKey: Guid(5085146f60c82d441936ee0408272a4a) Importer(2089858483,192608db42251d675da83286b1cce702)
Start importing Assets/UI/Settings/SettingsStyle.uss using Guid(5085146f60c82d441936ee0408272a4a) Importer(2089858483,192608db42251d675da83286b1cce702) (ScriptedImporter) -> (artifact id: 'b6c71ad8d5c5b3aff59e1f804fc6be07') in 0.0186304 seconds
Number of updated asset objects reloaded before import = 0Number of asset objects unloaded after import = 1

========================================================================
Received Import Request.
  Time since last request: 9.797083 seconds.
  path: Assets/UI/Settings/RangeSetting.uxml
  artifactKey: Guid(9b0c431e719b7114883fc16fe7cf554d) Importer(815301076,1909f56bfc062723c751e8b465ee728b)
Start importing Assets/UI/Settings/RangeSetting.uxml using Guid(9b0c431e719b7114883fc16fe7cf554d) Importer(815301076,1909f56bfc062723c751e8b465ee728b) (PreviewImporter) -> (artifact id: '633bc75bbeb7713fcfc6b73fd0b3fe35') in 0.002548 seconds
Number of updated asset objects reloaded before import = 0Number of asset objects unloaded after import = 3

========================================================================
Received Import Request.
  Time since last request: 0.000016 seconds.
  path: Assets/UI/Settings/BoolSetting.uxml
  artifactKey: Guid(0ea28699eb03a274bbe5568b28bafca9) Importer(815301076,1909f56bfc062723c751e8b465ee728b)
Start importing Assets/UI/Settings/BoolSetting.uxml using Guid(0ea28699eb03a274bbe5568b28bafca9) Importer(815301076,1909f56bfc062723c751e8b465ee728b) (PreviewImporter) -> (artifact id: '2d0941470e3814d058eec44cf30077ef') in 0.0052121 seconds
Number of updated asset objects reloaded before import = 0Number of asset objects unloaded after import = 3

========================================================================
Received Import Request.
  Time since last request: 0.750394 seconds.
  path: Assets/UI/Settings/SettingsStyle.uss
  artifactKey: Guid(5085146f60c82d441936ee0408272a4a) Importer(2089858483,192608db42251d675da83286b1cce702)
Start importing Assets/UI/Settings/SettingsStyle.uss using Guid(5085146f60c82d441936ee0408272a4a) Importer(2089858483,192608db42251d675da83286b1cce702) (ScriptedImporter) -> (artifact id: 'ff92ed32eb7f40972568fb68c8db1591') in 0.0215726 seconds
Number of updated asset objects reloaded before import = 0Number of asset objects unloaded after import = 1

========================================================================
Received Import Request.
  Time since last request: 1196.003402 seconds.
  path: Assets/UI/Settings/RangeSetting.uxml
  artifactKey: Guid(9b0c431e719b7114883fc16fe7cf554d) Importer(815301076,1909f56bfc062723c751e8b465ee728b)
Start importing Assets/UI/Settings/RangeSetting.uxml using Guid(9b0c431e719b7114883fc16fe7cf554d) Importer(815301076,1909f56bfc062723c751e8b465ee728b) (PreviewImporter) -> (artifact id: '82816c0cf3c1a7ed8fb4e81242386eb2') in 0.0073016 seconds
Number of updated asset objects reloaded before import = 0Number of asset objects unloaded after import = 3

========================================================================
Received Import Request.
  Time since last request: 0.000020 seconds.
  path: Assets/UI/Settings/SettingsStyle.uss
  artifactKey: Guid(5085146f60c82d441936ee0408272a4a) Importer(815301076,1909f56bfc062723c751e8b465ee728b)
Start importing Assets/UI/Settings/SettingsStyle.uss using Guid(5085146f60c82d441936ee0408272a4a) Importer(815301076,1909f56bfc062723c751e8b465ee728b) (PreviewImporter) -> (artifact id: '91817b7bd9e64e6897b65f0462d3f848') in 0.001195 seconds
Number of updated asset objects reloaded before import = 0Number of asset objects unloaded after import = 1

========================================================================
Received Import Request.
  Time since last request: 0.000025 seconds.
  path: Assets/UI/Settings/SettingsStyle.uss
  artifactKey: Guid(5085146f60c82d441936ee0408272a4a) Importer(2089858483,192608db42251d675da83286b1cce702)
Start importing Assets/UI/Settings/SettingsStyle.uss using Guid(5085146f60c82d441936ee0408272a4a) Importer(2089858483,192608db42251d675da83286b1cce702) (ScriptedImporter) -> (artifact id: '70cb4550668bfcf133ac687f60110854') in 0.0464119 seconds
Number of updated asset objects reloaded before import = 0Number of asset objects unloaded after import = 1

========================================================================
Received Import Request.
  Time since last request: 9.480717 seconds.
  path: Assets/UI/Settings/RangeSetting.uxml
  artifactKey: Guid(9b0c431e719b7114883fc16fe7cf554d) Importer(815301076,1909f56bfc062723c751e8b465ee728b)
Start importing Assets/UI/Settings/RangeSetting.uxml using Guid(9b0c431e719b7114883fc16fe7cf554d) Importer(815301076,1909f56bfc062723c751e8b465ee728b) (PreviewImporter) -> (artifact id: '8b9dcd9e166be20db82dd4816359fc12') in 0.0020476 seconds
Number of updated asset objects reloaded before import = 0Number of asset objects unloaded after import = 3

========================================================================
Received Import Request.
  Time since last request: 0.000018 seconds.
  path: Assets/UI/Settings/SettingsStyle.uss
  artifactKey: Guid(5085146f60c82d441936ee0408272a4a) Importer(815301076,1909f56bfc062723c751e8b465ee728b)
Start importing Assets/UI/Settings/SettingsStyle.uss using Guid(5085146f60c82d441936ee0408272a4a) Importer(815301076,1909f56bfc062723c751e8b465ee728b) (PreviewImporter) -> (artifact id: 'd95b1326595d8ef3e094fb7df875a7a7') in 0.0010683 seconds
Number of updated asset objects reloaded before import = 0Number of asset objects unloaded after import = 1

========================================================================
Received Import Request.
  Time since last request: 0.699254 seconds.
  path: Assets/UI/Settings/SettingsStyle.uss
  artifactKey: Guid(5085146f60c82d441936ee0408272a4a) Importer(2089858483,192608db42251d675da83286b1cce702)
Start importing Assets/UI/Settings/SettingsStyle.uss using Guid(5085146f60c82d441936ee0408272a4a) Importer(2089858483,192608db42251d675da83286b1cce702) (ScriptedImporter) -> (artifact id: 'a8623e2982c03f35e6a1511ec5cd8199') in 0.014262 seconds
Number of updated asset objects reloaded before import = 0Number of asset objects unloaded after import = 1

========================================================================
Received Import Request.
  Time since last request: 8.451567 seconds.
  path: Assets/UI/Settings/RangeSetting.uxml
  artifactKey: Guid(9b0c431e719b7114883fc16fe7cf554d) Importer(815301076,1909f56bfc062723c751e8b465ee728b)
Start importing Assets/UI/Settings/RangeSetting.uxml using Guid(9b0c431e719b7114883fc16fe7cf554d) Importer(815301076,1909f56bfc062723c751e8b465ee728b) (PreviewImporter) -> (artifact id: '45bff5609828de3862701041eb079c63') in 0.0026349 seconds
Number of updated asset objects reloaded before import = 0Number of asset objects unloaded after import = 3

========================================================================
Received Import Request.
  Time since last request: 0.000016 seconds.
  path: Assets/UI/Settings/SettingsStyle.uss
  artifactKey: Guid(5085146f60c82d441936ee0408272a4a) Importer(815301076,1909f56bfc062723c751e8b465ee728b)
Start importing Assets/UI/Settings/SettingsStyle.uss using Guid(5085146f60c82d441936ee0408272a4a) Importer(815301076,1909f56bfc062723c751e8b465ee728b) (PreviewImporter) -> (artifact id: '9d30ecd601baba33cf7daa6ffda7ceb1') in 0.0010871 seconds
Number of updated asset objects reloaded before import = 0Number of asset objects unloaded after import = 1

========================================================================
Received Import Request.
  Time since last request: 0.709388 seconds.
  path: Assets/UI/Settings/SettingsStyle.uss
  artifactKey: Guid(5085146f60c82d441936ee0408272a4a) Importer(2089858483,192608db42251d675da83286b1cce702)
Start importing Assets/UI/Settings/SettingsStyle.uss using Guid(5085146f60c82d441936ee0408272a4a) Importer(2089858483,192608db42251d675da83286b1cce702) (ScriptedImporter) -> (artifact id: '9bffd66bfff82c0ace9f4833d62415fe') in 0.0130076 seconds
Number of updated asset objects reloaded before import = 0Number of asset objects unloaded after import = 1

========================================================================
Received Import Request.
  Time since last request: 71.767339 seconds.
  path: Assets/UI/Settings/RangeSetting.uxml
  artifactKey: Guid(9b0c431e719b7114883fc16fe7cf554d) Importer(815301076,1909f56bfc062723c751e8b465ee728b)
Start importing Assets/UI/Settings/RangeSetting.uxml using Guid(9b0c431e719b7114883fc16fe7cf554d) Importer(815301076,1909f56bfc062723c751e8b465ee728b) (PreviewImporter) -> (artifact id: 'c7d59deeee3e3c67a22f0649bb5680db') in 0.001772 seconds
Number of updated asset objects reloaded before import = 0Number of asset objects unloaded after import = 3

========================================================================
Received Import Request.
  Time since last request: 0.000016 seconds.
  path: Assets/UI/Settings/BoolSetting.uxml
  artifactKey: Guid(0ea28699eb03a274bbe5568b28bafca9) Importer(815301076,1909f56bfc062723c751e8b465ee728b)
Start importing Assets/UI/Settings/BoolSetting.uxml using Guid(0ea28699eb03a274bbe5568b28bafca9) Importer(815301076,1909f56bfc062723c751e8b465ee728b) (PreviewImporter) -> (artifact id: 'c9bbb9af6133cd82056637d8720b2eb2') in 0.0016729 seconds
Number of updated asset objects reloaded before import = 0Number of asset objects unloaded after import = 3

========================================================================
Received Import Request.
  Time since last request: 0.747801 seconds.
  path: Assets/UI/Settings/SettingsStyle.uss
  artifactKey: Guid(5085146f60c82d441936ee0408272a4a) Importer(2089858483,192608db42251d675da83286b1cce702)
Start importing Assets/UI/Settings/SettingsStyle.uss using Guid(5085146f60c82d441936ee0408272a4a) Importer(2089858483,192608db42251d675da83286b1cce702) (ScriptedImporter) -> (artifact id: '26f500880f347f087cd567cf6549b596') in 0.0124362 seconds
Number of updated asset objects reloaded before import = 0Number of asset objects unloaded after import = 1

========================================================================
Received Import Request.
  Time since last request: 33.740751 seconds.
  path: Assets/UI/Settings/RangeSetting.uxml
  artifactKey: Guid(9b0c431e719b7114883fc16fe7cf554d) Importer(815301076,1909f56bfc062723c751e8b465ee728b)
Start importing Assets/UI/Settings/RangeSetting.uxml using Guid(9b0c431e719b7114883fc16fe7cf554d) Importer(815301076,1909f56bfc062723c751e8b465ee728b) (PreviewImporter) -> (artifact id: '25dbfb936b665c22eeb451a80403e23a') in 0.0017756 seconds
Number of updated asset objects reloaded before import = 0Number of asset objects unloaded after import = 3

========================================================================
Received Import Request.
  Time since last request: 0.000017 seconds.
  path: Assets/UI/Settings/SettingsStyle.uss
  artifactKey: Guid(5085146f60c82d441936ee0408272a4a) Importer(815301076,1909f56bfc062723c751e8b465ee728b)
Start importing Assets/UI/Settings/SettingsStyle.uss using Guid(5085146f60c82d441936ee0408272a4a) Importer(815301076,1909f56bfc062723c751e8b465ee728b) (PreviewImporter) -> (artifact id: '729eca590de43c50da2d4667791a7238') in 0.001113 seconds
Number of updated asset objects reloaded before import = 0Number of asset objects unloaded after import = 1

========================================================================
Received Import Request.
  Time since last request: 0.719225 seconds.
  path: Assets/UI/Settings/SettingsStyle.uss
  artifactKey: Guid(5085146f60c82d441936ee0408272a4a) Importer(2089858483,192608db42251d675da83286b1cce702)
Start importing Assets/UI/Settings/SettingsStyle.uss using Guid(5085146f60c82d441936ee0408272a4a) Importer(2089858483,192608db42251d675da83286b1cce702) (ScriptedImporter) -> (artifact id: '8603426c8f77f45784631b90edf6d09c') in 0.0155229 seconds
Number of updated asset objects reloaded before import = 0Number of asset objects unloaded after import = 1

========================================================================
Received Import Request.
  Time since last request: 10.029882 seconds.
  path: Assets/UI/Settings/RangeSetting.uxml
  artifactKey: Guid(9b0c431e719b7114883fc16fe7cf554d) Importer(815301076,1909f56bfc062723c751e8b465ee728b)
Start importing Assets/UI/Settings/RangeSetting.uxml using Guid(9b0c431e719b7114883fc16fe7cf554d) Importer(815301076,1909f56bfc062723c751e8b465ee728b) (PreviewImporter) -> (artifact id: '263e9c4269d7c4637a8de6a1091f0dc2') in 0.0016643 seconds
Number of updated asset objects reloaded before import = 0Number of asset objects unloaded after import = 3

========================================================================
Received Import Request.
  Time since last request: 0.000016 seconds.
  path: Assets/UI/Settings/BoolSetting.uxml
  artifactKey: Guid(0ea28699eb03a274bbe5568b28bafca9) Importer(815301076,1909f56bfc062723c751e8b465ee728b)
Start importing Assets/UI/Settings/BoolSetting.uxml using Guid(0ea28699eb03a274bbe5568b28bafca9) Importer(815301076,1909f56bfc062723c751e8b465ee728b) (PreviewImporter) -> (artifact id: '796889fdf6a3f7c34d423a1bcd701ee6') in 0.0015956 seconds
Number of updated asset objects reloaded before import = 0Number of asset objects unloaded after import = 3

========================================================================
Received Import Request.
  Time since last request: 0.734096 seconds.
  path: Assets/UI/Settings/SettingsStyle.uss
  artifactKey: Guid(5085146f60c82d441936ee0408272a4a) Importer(2089858483,192608db42251d675da83286b1cce702)
Start importing Assets/UI/Settings/SettingsStyle.uss using Guid(5085146f60c82d441936ee0408272a4a) Importer(2089858483,192608db42251d675da83286b1cce702) (ScriptedImporter) -> (artifact id: 'd3b76f4481c7f0c205b4095d25dc611b') in 0.036418 seconds
Number of updated asset objects reloaded before import = 0Number of asset objects unloaded after import = 1

========================================================================
Received Import Request.
  Time since last request: 18.075543 seconds.
  path: Assets/UI/Settings/RangeSetting.uxml
  artifactKey: Guid(9b0c431e719b7114883fc16fe7cf554d) Importer(815301076,1909f56bfc062723c751e8b465ee728b)
Start importing Assets/UI/Settings/RangeSetting.uxml using Guid(9b0c431e719b7114883fc16fe7cf554d) Importer(815301076,1909f56bfc062723c751e8b465ee728b) (PreviewImporter) -> (artifact id: '056a7e36ae7d1d97c5df65049169dc2a') in 0.0025597 seconds
Number of updated asset objects reloaded before import = 0Number of asset objects unloaded after import = 3

========================================================================
Received Import Request.
  Time since last request: 0.000015 seconds.
  path: Assets/UI/Settings/BoolSetting.uxml
  artifactKey: Guid(0ea28699eb03a274bbe5568b28bafca9) Importer(815301076,1909f56bfc062723c751e8b465ee728b)
Start importing Assets/UI/Settings/BoolSetting.uxml using Guid(0ea28699eb03a274bbe5568b28bafca9) Importer(815301076,1909f56bfc062723c751e8b465ee728b) (PreviewImporter) -> (artifact id: 'c325d13e7cda994a1b5ef28d055eac39') in 0.0016525 seconds
Number of updated asset objects reloaded before import = 0Number of asset objects unloaded after import = 3

========================================================================
Received Import Request.
  Time since last request: 0.748690 seconds.
  path: Assets/UI/Settings/SettingsStyle.uss
  artifactKey: Guid(5085146f60c82d441936ee0408272a4a) Importer(2089858483,192608db42251d675da83286b1cce702)
Start importing Assets/UI/Settings/SettingsStyle.uss using Guid(5085146f60c82d441936ee0408272a4a) Importer(2089858483,192608db42251d675da83286b1cce702) (ScriptedImporter) -> (artifact id: 'bad8612817b34e41d588125e1a5d5b89') in 0.0131873 seconds
Number of updated asset objects reloaded before import = 0Number of asset objects unloaded after import = 1

========================================================================
Received Import Request.
  Time since last request: 8.488296 seconds.
  path: Assets/UI/Settings/RangeSetting.uxml
  artifactKey: Guid(9b0c431e719b7114883fc16fe7cf554d) Importer(815301076,1909f56bfc062723c751e8b465ee728b)
Start importing Assets/UI/Settings/RangeSetting.uxml using Guid(9b0c431e719b7114883fc16fe7cf554d) Importer(815301076,1909f56bfc062723c751e8b465ee728b) (PreviewImporter) -> (artifact id: '3a0efaf1b588124fa6af621141657c94') in 0.0033446 seconds
Number of updated asset objects reloaded before import = 0Number of asset objects unloaded after import = 3

========================================================================
Received Import Request.
  Time since last request: 0.000020 seconds.
  path: Assets/UI/Settings/BoolSetting.uxml
  artifactKey: Guid(0ea28699eb03a274bbe5568b28bafca9) Importer(815301076,1909f56bfc062723c751e8b465ee728b)
Start importing Assets/UI/Settings/BoolSetting.uxml using Guid(0ea28699eb03a274bbe5568b28bafca9) Importer(815301076,1909f56bfc062723c751e8b465ee728b) (PreviewImporter) -> (artifact id: '980b2f39e4521374487d158cb3cc9102') in 0.0016549 seconds
Number of updated asset objects reloaded before import = 0Number of asset objects unloaded after import = 3

========================================================================
Received Import Request.
  Time since last request: 0.000016 seconds.
  path: Assets/UI/Settings/SettingsStyle.uss
  artifactKey: Guid(5085146f60c82d441936ee0408272a4a) Importer(815301076,1909f56bfc062723c751e8b465ee728b)
Start importing Assets/UI/Settings/SettingsStyle.uss using Guid(5085146f60c82d441936ee0408272a4a) Importer(815301076,1909f56bfc062723c751e8b465ee728b) (PreviewImporter) -> (artifact id: 'ddff43ca83a92bb747960454ed2ee17c') in 0.001739 seconds
Number of updated asset objects reloaded before import = 0Number of asset objects unloaded after import = 1

========================================================================
Received Import Request.
  Time since last request: 0.689688 seconds.
  path: Assets/UI/Settings/SettingsStyle.uss
  artifactKey: Guid(5085146f60c82d441936ee0408272a4a) Importer(2089858483,192608db42251d675da83286b1cce702)
Start importing Assets/UI/Settings/SettingsStyle.uss using Guid(5085146f60c82d441936ee0408272a4a) Importer(2089858483,192608db42251d675da83286b1cce702) (ScriptedImporter) -> (artifact id: '9f6cda5dff08a3a14c61cb53589d2621') in 0.0133695 seconds
Number of updated asset objects reloaded before import = 0Number of asset objects unloaded after import = 1

========================================================================
Received Import Request.
  Time since last request: 2851.097009 seconds.
  path: Assets/UI/Settings/Settings.uxml
  artifactKey: Guid(4a583889d3c6d0c4699208174b301068) Importer(815301076,1909f56bfc062723c751e8b465ee728b)
Start importing Assets/UI/Settings/Settings.uxml using Guid(4a583889d3c6d0c4699208174b301068) Importer(815301076,1909f56bfc062723c751e8b465ee728b) (PreviewImporter) -> (artifact id: '9a396e2b141e83116280f0a51134dca7') in 0.0139894 seconds
Number of updated asset objects reloaded before import = 0Number of asset objects unloaded after import = 5

========================================================================
Received Import Request.
  Time since last request: 0.604206 seconds.
  path: Assets/UI/Settings/Settings.uxml
  artifactKey: Guid(4a583889d3c6d0c4699208174b301068) Importer(2089858483,192608db42251d675da83286b1cce702)
Start importing Assets/UI/Settings/Settings.uxml using Guid(4a583889d3c6d0c4699208174b301068) Importer(2089858483,192608db42251d675da83286b1cce702) (ScriptedImporter) -> (artifact id: '4fd123f47eb53f93791aa417a553cbfd') in 0.0288775 seconds
Number of updated asset objects reloaded before import = 0Number of asset objects unloaded after import = 5

========================================================================
Received Import Request.
  Time since last request: 17.076707 seconds.
  path: Assets/UI/Settings/SettingCategory.uxml
  artifactKey: Guid(e5b2faac93e3fce40b2203b6f20e04b5) Importer(815301076,1909f56bfc062723c751e8b465ee728b)
Start importing Assets/UI/Settings/SettingCategory.uxml using Guid(e5b2faac93e3fce40b2203b6f20e04b5) Importer(815301076,1909f56bfc062723c751e8b465ee728b) (PreviewImporter) -> (artifact id: '8b141afe3525fd6a4d88f74d352ec0e3') in 0.0054582 seconds
Number of updated asset objects reloaded before import = 0Number of asset objects unloaded after import = 2

========================================================================
Received Import Request.
  Time since last request: 0.553256 seconds.
  path: Assets/UI/Settings/SettingCategory.uxml
  artifactKey: Guid(e5b2faac93e3fce40b2203b6f20e04b5) Importer(2089858483,192608db42251d675da83286b1cce702)
Start importing Assets/UI/Settings/SettingCategory.uxml using Guid(e5b2faac93e3fce40b2203b6f20e04b5) Importer(2089858483,192608db42251d675da83286b1cce702) (ScriptedImporter) -> (artifact id: '86d8817112e2fa255d0a722859af6c84') in 0.0214909 seconds
Number of updated asset objects reloaded before import = 0Number of asset objects unloaded after import = 2

========================================================================
Received Import Request.
  Time since last request: 1412.974149 seconds.
  path: Assets/UI/Settings/SettingCategory.uxml
  artifactKey: Guid(e5b2faac93e3fce40b2203b6f20e04b5) Importer(815301076,1909f56bfc062723c751e8b465ee728b)
Start importing Assets/UI/Settings/SettingCategory.uxml using Guid(e5b2faac93e3fce40b2203b6f20e04b5) Importer(815301076,1909f56bfc062723c751e8b465ee728b) (PreviewImporter) -> (artifact id: '3237a6d80eccd41797f644b595f1d271') in 0.0038707 seconds
Number of updated asset objects reloaded before import = 0Number of asset objects unloaded after import = 3

========================================================================
Received Import Request.
  Time since last request: 0.740137 seconds.
  path: Assets/UI/Settings/SettingCategory.uxml
  artifactKey: Guid(e5b2faac93e3fce40b2203b6f20e04b5) Importer(2089858483,192608db42251d675da83286b1cce702)
Start importing Assets/UI/Settings/SettingCategory.uxml using Guid(e5b2faac93e3fce40b2203b6f20e04b5) Importer(2089858483,192608db42251d675da83286b1cce702) (ScriptedImporter) -> (artifact id: 'db5f28d50798d1b0b0135f52c2f41e0e') in 0.0243247 seconds
Number of updated asset objects reloaded before import = 0Number of asset objects unloaded after import = 3

